Run ID,benchmark_pipeline_20260528_040832
Status,completed
Model,qwen/qwen3.6-flash
Datasets,refbench
Setups,s2_rag_base

#,Task,Status,Input,Output,Cache,Time,Evals,Cmpct,Reqs,'+Lines,'-Lines,Files,Model,Build/Test,Model mismatch,Result,Checks,Reason,Build Log
1,add-log-parameter-get-group-vars,completed,106.4k,2.0k,'-,37s,0,0,6,4,3,3,yes,checked,no,PASSED,code=yes build=yes ast=- verified=yes,,
2,add-log-parameter-is-systemd-managed,completed,314.2k,4.8k,'-,1m07s,0,0,16,4,3,3,yes,checked,no,PASSED,code=yes build=yes ast=- verified=yes,,
3,combine-namespace-compat,completed,428.7k,7.8k,'-,1m25s,0,0,17,32,54,7,yes,checked,no,FAILED,code=yes build=no ast=- verified=no,test_failed,
4,data-to-inventory-data,completed,208.3k,2.9k,'-,50s,0,0,11,2,2,2,yes,checked,no,PASSED,code=yes build=yes ast=- verified=yes,,
5,move-quoting-splitter,completed,298.9k,4.8k,'-,1m,0,0,15,13,10,2,yes,checked,no,FAILED,code=yes build=no ast=- verified=no,test_failed,
6,new-inventory-patterns,completed,638.0k,7.2k,'-,1m37s,0,0,25,103,76,3,yes,checked,no,PASSED,code=yes build=yes ast=- verified=yes,,
7,new-utils-class-connection,terminated,343.6k,6.5k,'-,1m21s,0,0,18,'-,'-,'-,yes,checked,no,TIMEOUT,code=no build=no ast=- verified=no,,
8,new-utils-from-basic,completed,1.1M,19.1k,'-,3m18s,0,0,33,123,91,13,yes,checked,no,FAILED,code=yes build=no ast=- verified=no,test_failed,
9,parse_key_value,completed,413.0k,7.1k,'-,1m21s,0,0,16,36,32,12,yes,checked,no,PASSED,code=yes build=yes ast=- verified=yes,,
10,rename-lenient-lowercase,completed,180.1k,2.3k,'-,44s,0,0,9,6,2,2,yes,checked,no,PASSED,code=yes build=yes ast=- verified=yes,,
11,sort-groups-to-group-sort,completed,142.0k,1.6k,'-,40s,0,0,9,8,4,2,yes,checked,no,PASSED,code=yes build=yes ast=- verified=yes,,
12,add-log-parameter-get-digest-algorithm,completed,166.4k,1.6k,'-,39s,0,0,9,2,2,2,yes,checked,no,PASSED,code=yes build=yes ast=- verified=yes,,
13,add-log-parameter-node-format,completed,278.4k,2.7k,'-,50s,0,0,14,5,5,3,yes,checked,no,PASSED,code=yes build=yes ast=- verified=yes,,
14,annotation-utils,completed,218.3k,4.0k,'-,58s,0,0,12,16,8,2,yes,checked,no,FAILED,code=yes build=no ast=- verified=no,test_failed,
15,autoretry-to-retry,completed,557.9k,7.6k,'-,1m32s,0,0,24,12,8,7,yes,checked,no,FAILED,code=yes build=no ast=- verified=no,test_failed,
16,combine-unpickle-task,completed,283.3k,3.6k,'-,54s,0,0,15,12,12,3,yes,checked,no,FAILED,code=yes build=no ast=- verified=no,test_failed,
17,dump-message-to-serialization,completed,815.9k,5.4k,'-,1m58s,0,0,32,10,9,2,yes,checked,no,PASSED,code=yes build=yes ast=- verified=yes,,
18,ensure_serialize,completed,631.6k,7.5k,'-,1m34s,0,0,31,13,10,4,yes,checked,no,PASSED,code=yes build=yes ast=- verified=yes,,
19,evaluate-promises-to-serialization,completed,319.0k,3.5k,'-,54s,0,0,13,10,8,2,yes,checked,no,PASSED,code=yes build=yes ast=- verified=yes,,
20,expand-router-string-to-utils,completed,355.9k,4.9k,'-,1m08s,0,0,15,11,10,2,yes,checked,no,FAILED,code=yes build=no ast=- verified=no,test_failed,
21,object-mro-lookup,completed,204.0k,3.0k,'-,52s,0,0,12,2,1,1,yes,checked,no,PASSED,code=yes build=yes ast=- verified=yes,,
22,rename-host-format,completed,478.8k,5.7k,'-,1m18s,0,0,24,10,6,3,yes,checked,no,FAILED,code=yes build=no ast=- verified=no,test_failed,
23,truncate-text,completed,1.8M,15.3k,'-,3m46s,0,0,46,17,17,7,yes,checked,no,FAILED,code=yes build=no ast=- verified=no,test_failed,
24,add-log-parameter-constant-time-compare,completed,593.3k,7.1k,'-,1m38s,0,0,23,21,13,6,yes,checked,no,FAILED,code=yes build=no ast=- verified=no,test_failed,
25,add-log-parameter-get-resolver,completed,1.6M,14.5k,'-,3m03s,0,0,44,32,27,11,yes,checked,no,FAILED,code=yes build=no ast=- verified=no,test_failed,
26,add-log-parameter-resolve-error-handler,completed,519.8k,4.4k,'-,1m08s,0,0,23,13,6,4,yes,checked,no,FAILED,code=yes build=no ast=- verified=no,test_failed,
27,add-none-handling-duration-string,completed,302.7k,3.6k,'-,1m06s,0,0,15,6,1,3,yes,checked,no,PASSED,code=yes build=yes ast=- verified=yes,,
28,combine-utils-dates-dateformat,completed,329.2k,5.2k,'-,1m08s,0,0,14,80,11,3,yes,checked,no,PASSED,code=yes build=yes ast=- verified=yes,,
29,combine-utils-hashable-itercompat,completed,1.5M,23.4k,'-,3m36s,0,0,61,63,58,15,yes,checked,no,FAILED,code=yes build=no ast=- verified=no,test_failed,
30,new-converter-to-python-class,completed,165.9k,3.1k,'-,50s,0,0,8,55,41,1,yes,checked,no,FAILED,code=yes build=no ast=- verified=no,test_failed,
31,new-path-traversal-exception,completed,1.1M,17.1k,'-,2m27s,0,0,31,19,13,6,yes,checked,no,FAILED,code=yes build=no ast=- verified=no,test_failed,
32,new-reference-context-field-class,terminated,231.3k,2.6k,'-,54s,0,0,12,'-,'-,'-,yes,checked,no,TIMEOUT,code=no build=no ast=- verified=no,,
33,new-reference-context-graph-class,completed,1.4M,24.2k,'-,3m24s,0,0,32,74,26,4,yes,checked,no,FAILED,code=yes build=no ast=- verified=no,test_failed,
34,new-timezone-class,terminated,538.3k,21.0k,'-,3m04s,0,0,20,'-,'-,'-,yes,checked,no,TIMEOUT,code=no build=no ast=- verified=no,,
35,new-utils-adapt-method-mode,completed,543.3k,6.1k,'-,1m22s,0,0,24,49,44,2,yes,checked,no,PASSED,code=yes build=yes ast=- verified=yes,,
36,new-utils-check-response,completed,352.6k,3.4k,'-,1m,0,0,16,39,25,2,yes,checked,no,PASSED,code=yes build=yes ast=- verified=yes,,
37,new-utils-path-from-module,completed,447.2k,5.7k,'-,1m22s,0,0,20,37,29,2,yes,checked,no,PASSED,code=yes build=yes ast=- verified=yes,,
38,remove-core-cache-utils,completed,279.2k,4.1k,'-,58s,0,0,12,22,17,5,yes,checked,no,FAILED,code=yes build=no ast=- verified=no,test_failed,
39,remove-db-models-constants,completed,1.4M,50.9k,'-,7m24s,0,0,49,39,29,20,yes,checked,no,PASSED,code=yes build=yes ast=- verified=yes,,
40,rename-file-move-safe,completed,776.5k,8.1k,'-,2m11s,0,0,25,22,18,5,yes,checked,no,PASSED,code=yes build=yes ast=- verified=yes,,
41,split-parse-apps-and-model-labels,completed,192.4k,3.5k,'-,52s,0,0,10,30,9,1,yes,checked,no,FAILED,code=yes build=no ast=- verified=no,test_failed,
42,add-log-parameter-generate-option-id-for-path,completed,335.4k,2.9k,'-,1m02s,0,0,15,2,2,2,yes,checked,no,PASSED,code=yes build=yes ast=- verified=yes,,
43,exception-handlers-to-handlers,completed,493.9k,10.8k,'-,1m59s,0,0,22,5,5,5,yes,checked,no,FAILED,code=yes build=no ast=- verified=no,test_failed,
44,get-auth-scheme-param,completed,279.8k,3.8k,'-,58s,0,0,15,6,2,2,yes,checked,no,PASSED,code=yes build=yes ast=- verified=yes,,
45,openapi-get-utils,completed,336.1k,4.5k,'-,1m08s,0,0,18,7,7,7,yes,checked,no,PASSED,code=yes build=yes ast=- verified=yes,,
46,params-to-param,completed,344.1k,5.6k,'-,1m20s,0,0,16,'-,'-,'-,yes,checked,no,FAILED,code=yes build=no ast=- verified=no,test_failed,
47,value-is-a-sequence,completed,101.9k,1.3k,'-,33s,0,0,6,7,3,2,yes,checked,no,PASSED,code=yes build=yes ast=- verified=yes,,
48,add-log-parameter-get-debug-flag,completed,181.0k,3.2k,'-,49s,0,0,10,10,5,4,yes,checked,no,PASSED,code=yes build=yes ast=- verified=yes,,
49,add-log-parameter-get-flashed-messages,completed,467.2k,4.6k,'-,1m10s,0,0,22,12,7,2,yes,checked,no,PASSED,code=yes build=yes ast=- verified=yes,,
50,debughelpers-to-helpers.py,terminated,467.2k,4.6k,'-,15s,0,0,22,12,7,2,yes,checked,no,TIMEOUT,code=no build=no ast=- verified=no,,
51,rename-send-from-directory,terminated,167.3k,4.0k,'-,1m03s,0,0,10,'-,'-,'-,yes,checked,no,TIMEOUT,code=no build=no ast=- verified=no,,
52,render-template-str,completed,300.6k,6.3k,'-,1m14s,0,0,14,18,13,8,yes,checked,no,PASSED,code=yes build=yes ast=- verified=yes,,
53,stream-template-str,completed,88.4k,1.8k,'-,37s,0,0,5,4,1,1,yes,checked,no,FAILED,code=yes build=no ast=- verified=no,test_failed,
54,add-log-parameter-get-encoding-from-headers,completed,191.5k,3.2k,'-,47s,0,0,11,4,3,2,yes,checked,no,FAILED,code=yes build=no ast=- verified=no,test_failed,
55,add-log-parameter-resolve-proxies,completed,266.2k,3.6k,'-,1m02s,0,0,15,4,3,2,yes,checked,no,PASSED,code=yes build=yes ast=- verified=yes,,
56,add-log-parameter-select-proxy,terminated,153.3k,1.8k,'-,45s,0,0,9,'-,'-,'-,yes,checked,no,TIMEOUT,code=no build=no ast=- verified=no,,
57,combine-from-key-to-key,completed,368.8k,5.6k,'-,1m24s,0,0,17,34,45,4,yes,checked,no,PASSED,code=yes build=yes ast=- verified=yes,,
58,combine-internal-utils-utils,completed,464.4k,29.0k,'-,3m34s,0,0,22,45,11,1,yes,checked,no,FAILED,code=yes build=no ast=- verified=no,test_failed,
59,move-hooks-sessions,completed,1.9M,32.0k,'-,7m52s,0,0,58,30,8,3,yes,checked,no,FAILED,code=yes build=no ast=- verified=no,test_failed,
60,new-cookie-utils-class,completed,1.5M,12.3k,'-,4m19s,0,0,46,198,120,1,yes,checked,no,FAILED,code=yes build=no ast=- verified=no,test_failed,
61,rename-lookup-dict-dict-lookup,completed,229.0k,3.0k,'-,51s,0,0,11,11,7,3,yes,checked,no,PASSED,code=yes build=yes ast=- verified=yes,,
62,rename-super-len-complex-len,completed,249.6k,6.1k,'-,1m08s,0,0,11,33,29,3,yes,checked,no,FAILED,code=yes build=no ast=- verified=no,test_failed,
63,split-warnings-exceptions,completed,494.6k,6.2k,'-,1m26s,0,0,22,39,25,4,yes,checked,no,PASSED,code=yes build=yes ast=- verified=yes,,
64,add-log-parameter-delete-directory,completed,170.9k,2.7k,'-,47s,0,0,9,6,5,2,yes,checked,no,PASSED,code=yes build=yes ast=- verified=yes,,
65,add-log-parameter-get-capability-definitions,completed,452.7k,9.7k,'-,1m52s,0,0,23,10,5,2,yes,checked,no,PASSED,code=yes build=yes ast=- verified=yes,,
66,add-log-parameter-recursive-diff,completed,583.8k,11.4k,'-,2m01s,0,0,20,11,6,2,yes,checked,no,PASSED,code=yes build=yes ast=- verified=yes,,
67,cant-create,completed,178.7k,2.7k,'-,48s,0,0,10,6,4,3,yes,checked,no,FAILED,code=yes build=no ast=- verified=no,test_failed,
68,channel-to-transport,completed,198.5k,3.2k,'-,59s,0,0,10,'-,'-,'-,yes,checked,no,FAILED,code=yes build=no ast=- verified=no,test_failed,
69,ex-pillar-fail,completed,187.2k,2.8k,'-,48s,0,0,11,1,1,1,yes,checked,no,PASSED,code=yes build=yes ast=- verified=yes,,
70,ex-state-fail,completed,167.6k,2.2k,'-,45s,0,0,10,7,4,3,yes,checked,no,FAILED,code=yes build=no ast=- verified=no,test_failed,
71,exactly-n-boto-mod,completed,872.5k,6.8k,'-,2m03s,0,0,33,4,11,1,yes,checked,no,FAILED,code=yes build=no ast=- verified=no,test_failed,
72,get-unavail,completed,132.3k,1.8k,'-,43s,0,0,8,5,4,4,yes,checked,no,PASSED,code=yes build=yes ast=- verified=yes,,
73,iam-to-aws,completed,309.4k,3.2k,'-,1m01s,0,0,13,35,'-,1,yes,checked,no,PASSED,code=yes build=yes ast=- verified=yes,,
74,mksls-to-specific,completed,317.4k,3.9k,'-,59s,0,0,14,12,3,3,yes,checked,no,PASSED,code=yes build=yes ast=- verified=yes,,
75,namecheap-xmlutil,completed,469.0k,10.7k,'-,2m01s,0,0,17,84,71,2,yes,checked,no,PASSED,code=yes build=yes ast=- verified=yes,,
76,paged-call-boto-mod,completed,385.2k,4.4k,'-,1m12s,0,0,21,2,16,1,yes,checked,no,FAILED,code=yes build=no ast=- verified=no,test_failed,
77,pem-fingerprint,completed,340.0k,4.9k,'-,1m13s,0,0,14,2,2,2,yes,checked,no,PASSED,code=yes build=yes ast=- verified=yes,,
78,perm-denied,completed,154.6k,1.7k,'-,42s,0,0,9,3,2,2,yes,checked,no,FAILED,code=yes build=no ast=- verified=no,test_failed,
79,add-log-parameter-disconnect-all,completed,203.6k,2.1k,'-,48s,0,0,11,8,4,3,yes,checked,no,PASSED,code=yes build=yes ast=- verified=yes,,
80,add-log-parameter-job-dir,completed,215.8k,2.4k,'-,46s,0,0,12,4,4,4,yes,checked,no,FAILED,code=yes build=no ast=- verified=no,test_failed,
81,add-log-parameter-xmliter,completed,832.6k,29.7k,'-,3m52s,0,0,30,21,17,2,yes,checked,no,FAILED,code=yes build=no ast=- verified=no,test_failed,
82,genspider-functions-to-utils-url,completed,413.2k,3.6k,'-,1m12s,0,0,21,17,17,2,yes,checked,no,FAILED,code=yes build=no ast=- verified=no,test_failed,
83,new-downloadermiddlewares-utils,completed,218.7k,3.2k,'-,54s,0,0,12,29,20,2,yes,checked,no,PASSED,code=yes build=yes ast=- verified=yes,,
84,new-spider-utils-in-spiders,terminated,809.6k,104.7k,'-,14m02s,0,0,32,37,'-,1,yes,checked,no,TIMEOUT,code=no build=no ast=- verified=no,,
85,new-verify-reactor-class,completed,684.4k,8.1k,'-,2m06s,0,0,23,59,46,6,yes,checked,no,FAILED,code=yes build=no ast=- verified=no,test_failed,
86,not-supported-exception-to-unsupported,completed,246.1k,4.2k,'-,1m02s,0,0,10,16,13,6,yes,checked,no,FAILED,code=yes build=no ast=- verified=no,test_failed,
87,parameterize-gunzip,terminated,256.7k,3.0k,'-,56s,0,0,13,'-,'-,'-,yes,checked,no,TIMEOUT,code=no build=no ast=- verified=no,,
88,rename-description-commands,completed,282.5k,4.6k,'-,1m06s,0,0,13,27,27,17,yes,checked,no,PASSED,code=yes build=yes ast=- verified=yes,,
89,rename-engine-status,completed,309.1k,6.2k,'-,1m10s,0,0,13,33,27,6,yes,checked,no,PASSED,code=yes build=yes ast=- verified=yes,,
90,rename-processtest-testproc,completed,272.9k,3.3k,'-,1m,0,0,11,13,9,5,yes,checked,no,FAILED,code=yes build=no ast=- verified=no,test_failed,
91,sitemap-url-to-url,completed,251.8k,3.3k,'-,58s,0,0,11,13,1,1,yes,checked,no,FAILED,code=yes build=no ast=- verified=no,test_failed,
92,global-objects,completed,803.2k,24.3k,'-,3m45s,0,0,26,102,'-,2,yes,checked,no,FAILED,code=yes build=no ast=- verified=no,test_failed,
93,log-utils,completed,1.0M,14.3k,'-,2m31s,0,0,33,176,137,4,yes,checked,no,FAILED,code=yes build=no ast=- verified=no,test_failed,
94,option-parser-with-pretty-print,completed,943.4k,15.1k,'-,3m08s,0,0,30,125,110,2,yes,checked,no,FAILED,code=yes build=no ast=- verified=no,test_failed,
95,options-utils,completed,967.2k,19.5k,'-,3m24s,0,0,31,272,79,2,yes,checked,no,FAILED,code=yes build=no ast=- verified=no,test_failed,
96,remove-locale-data,completed,411.5k,7.2k,'-,1m24s,0,0,19,69,67,2,yes,checked,no,FAILED,code=yes build=no ast=- verified=no,test_failed,
97,rename-http1connection,terminated,46.4k,354,'-,32s,0,0,3,'-,'-,'-,yes,checked,no,TIMEOUT,code=no build=no ast=- verified=no,,
98,rename-to-camel-case,completed,390.9k,5.4k,'-,1m12s,0,0,18,9,7,2,yes,checked,no,FAILED,code=yes build=no ast=- verified=no,test_failed,
99,resolvers-as-separate,terminated,1.1M,14.1k,'-,3m14s,0,0,44,290,'-,1,yes,checked,no,TIMEOUT,code=no build=no ast=- verified=no,,
100,tcpclient-connect-params,completed,2.0M,19.4k,'-,3m46s,0,0,49,173,20,7,yes,checked,no,FAILED,code=yes build=no ast=- verified=no,test_failed,
TOT,,,49.5M,865.2k,'-,2h54m,0,0,1945,,,,,,,,,,

Summary,
Total runs,100
Passed,44
Failed,46
Timed out,10
Success rate,44%
