Run ID,benchmark_pipeline_20260527_222354
Status,completed
Model,qwen/qwen3.6-flash
Datasets,refbench
Setups,s2_rag_lazy

#,Task,Status,Input,Output,Cache,Time,Evals,Cmpct,Reqs,'+Lines,'-Lines,Files,Model,Build/Test,Model mismatch,Result,Checks,Reason,Build Log
1,add-log-parameter-get-group-vars,completed,49.2k,248,24.6k,49s,0,0,4,'-,'-,'-,yes,checked,no,FAILED,code=yes build=no ast=- verified=no,test_failed,
2,add-log-parameter-is-systemd-managed,terminated,24.5k,199,128,40s,0,0,2,'-,'-,'-,yes,checked,no,TIMEOUT,code=no build=no ast=- verified=no,,
3,combine-namespace-compat,completed,'-,'-,'-,3m12s,0,0,0,'-,'-,'-,yes,checked,no,PASSED,code=yes build=yes ast=- verified=yes,,
4,data-to-inventory-data,completed,12.1k,67,64,1m09s,0,0,1,'-,'-,'-,yes,checked,no,FAILED,code=yes build=no ast=- verified=no,test_failed,
5,move-quoting-splitter,completed,12.1k,60,64,2m24s,0,0,1,'-,'-,'-,yes,checked,no,FAILED,code=yes build=no ast=- verified=no,test_failed,
6,new-inventory-patterns,completed,12.1k,57,64,2m04s,0,0,1,'-,'-,'-,yes,checked,no,FAILED,code=yes build=no ast=- verified=no,test_failed,
7,new-utils-class-connection,completed,24.4k,196,128,3m33s,0,0,2,'-,'-,'-,yes,checked,no,PASSED,code=yes build=yes ast=- verified=yes,,
8,new-utils-from-basic,completed,'-,'-,'-,2m11s,0,0,0,'-,'-,'-,yes,checked,no,FAILED,code=yes build=no ast=- verified=no,test_failed,
9,parse_key_value,completed,'-,'-,'-,2m14s,0,0,0,'-,'-,'-,yes,checked,no,PASSED,code=yes build=yes ast=- verified=yes,,
10,rename-lenient-lowercase,completed,24.4k,120,128,1m45s,0,0,2,'-,'-,'-,yes,checked,no,PASSED,code=yes build=yes ast=- verified=yes,,
11,sort-groups-to-group-sort,completed,'-,'-,'-,46s,0,0,0,'-,'-,'-,yes,checked,no,PASSED,code=yes build=yes ast=- verified=yes,,
12,add-log-parameter-get-digest-algorithm,completed,70.9k,429,17.7k,50s,0,0,5,'-,'-,'-,yes,checked,no,PASSED,code=yes build=yes ast=- verified=yes,,
13,add-log-parameter-node-format,completed,12.1k,59,64,1m59s,0,0,1,'-,'-,'-,yes,checked,no,FAILED,code=yes build=no ast=- verified=no,test_failed,
14,annotation-utils,completed,12.1k,57,64,1m33s,0,0,1,'-,'-,'-,yes,checked,no,FAILED,code=yes build=no ast=- verified=no,test_failed,
15,autoretry-to-retry,terminated,'-,'-,'-,43s,0,0,0,'-,'-,'-,yes,checked,no,TIMEOUT,code=no build=no ast=- verified=no,,
16,combine-unpickle-task,completed,'-,'-,'-,54s,0,0,0,'-,'-,'-,yes,checked,no,FAILED,code=yes build=no ast=- verified=no,test_failed,
17,dump-message-to-serialization,terminated,'-,'-,'-,48s,0,0,0,'-,'-,'-,yes,checked,no,TIMEOUT,code=no build=no ast=- verified=no,,
18,ensure_serialize,completed,'-,'-,'-,1m04s,0,0,0,'-,'-,'-,yes,checked,no,FAILED,code=yes build=no ast=- verified=no,test_failed,
19,evaluate-promises-to-serialization,completed,'-,'-,'-,1m45s,0,0,0,'-,'-,'-,yes,checked,no,PASSED,code=yes build=yes ast=- verified=yes,,
20,expand-router-string-to-utils,completed,'-,'-,'-,50s,0,0,0,'-,'-,'-,yes,checked,no,FAILED,code=yes build=no ast=- verified=no,test_failed,
21,object-mro-lookup,completed,'-,'-,'-,41s,0,0,0,'-,'-,'-,yes,checked,no,PASSED,code=yes build=yes ast=- verified=yes,,
22,rename-host-format,completed,'-,'-,'-,1m12s,0,0,0,'-,'-,'-,yes,checked,no,PASSED,code=yes build=yes ast=- verified=yes,,
23,truncate-text,completed,'-,'-,'-,1m41s,0,0,0,'-,'-,'-,yes,checked,no,PASSED,code=yes build=yes ast=- verified=yes,,
24,add-log-parameter-constant-time-compare,completed,'-,'-,'-,1m02s,0,0,0,'-,'-,'-,yes,checked,no,FAILED,code=yes build=no ast=- verified=no,test_failed,
25,add-log-parameter-get-resolver,completed,'-,'-,'-,1m50s,0,0,0,'-,'-,'-,yes,checked,no,FAILED,code=yes build=no ast=- verified=no,test_failed,
26,add-log-parameter-resolve-error-handler,completed,'-,'-,'-,1m41s,0,0,0,'-,'-,'-,yes,checked,no,FAILED,code=yes build=no ast=- verified=no,test_failed,
27,add-none-handling-duration-string,completed,'-,'-,'-,42s,0,0,0,'-,'-,'-,yes,checked,no,FAILED,code=yes build=no ast=- verified=no,test_failed,
28,combine-utils-dates-dateformat,completed,'-,'-,'-,1m57s,0,0,0,'-,'-,'-,yes,checked,no,FAILED,code=yes build=no ast=- verified=no,test_failed,
29,combine-utils-hashable-itercompat,completed,'-,'-,'-,1m14s,0,0,0,'-,'-,'-,yes,checked,no,FAILED,code=yes build=no ast=- verified=no,test_failed,
30,new-converter-to-python-class,completed,'-,'-,'-,3m58s,0,0,0,'-,'-,'-,yes,checked,no,FAILED,code=yes build=no ast=- verified=no,test_failed,
31,new-path-traversal-exception,completed,'-,'-,'-,3m03s,0,0,0,'-,'-,'-,yes,checked,no,FAILED,code=yes build=no ast=- verified=no,test_failed,
32,new-reference-context-field-class,completed,'-,'-,'-,3m02s,0,0,0,'-,'-,'-,yes,checked,no,FAILED,code=yes build=no ast=- verified=no,test_failed,
33,new-reference-context-graph-class,completed,'-,'-,'-,1m,0,0,0,'-,'-,'-,yes,checked,no,FAILED,code=yes build=no ast=- verified=no,test_failed,
34,new-timezone-class,completed,'-,'-,'-,7m05s,0,0,0,'-,'-,'-,yes,checked,no,PASSED,code=yes build=yes ast=- verified=yes,,
35,new-utils-adapt-method-mode,completed,'-,'-,'-,2m08s,0,0,0,'-,'-,'-,yes,checked,no,PASSED,code=yes build=yes ast=- verified=yes,,
36,new-utils-check-response,completed,'-,'-,'-,1m10s,0,0,0,'-,'-,'-,yes,checked,no,PASSED,code=yes build=yes ast=- verified=yes,,
37,new-utils-path-from-module,completed,'-,'-,'-,1m32s,0,0,0,'-,'-,'-,yes,checked,no,FAILED,code=yes build=no ast=- verified=no,test_failed,
38,remove-core-cache-utils,completed,'-,'-,'-,2m41s,0,0,0,'-,'-,'-,yes,checked,no,FAILED,code=yes build=no ast=- verified=no,test_failed,
39,remove-db-models-constants,completed,'-,'-,'-,3m20s,0,0,0,'-,'-,'-,yes,checked,no,PASSED,code=yes build=yes ast=- verified=yes,,
40,rename-file-move-safe,completed,'-,'-,'-,2m08s,0,0,0,'-,'-,'-,yes,checked,no,PASSED,code=yes build=yes ast=- verified=yes,,
41,split-parse-apps-and-model-labels,completed,'-,'-,'-,1m19s,0,0,0,'-,'-,'-,yes,checked,no,FAILED,code=yes build=no ast=- verified=no,test_failed,
42,add-log-parameter-generate-option-id-for-path,terminated,'-,'-,'-,50s,0,0,0,'-,'-,'-,yes,checked,no,TIMEOUT,code=no build=no ast=- verified=no,,
43,exception-handlers-to-handlers,completed,'-,'-,'-,3m06s,0,0,0,'-,'-,'-,yes,checked,no,FAILED,code=yes build=no ast=- verified=no,test_failed,
44,get-auth-scheme-param,terminated,'-,'-,'-,1m30s,0,0,0,'-,'-,'-,yes,checked,no,TIMEOUT,code=no build=no ast=- verified=no,,
45,openapi-get-utils,completed,'-,'-,'-,2m49s,0,0,0,'-,'-,'-,yes,checked,no,PASSED,code=yes build=yes ast=- verified=yes,,
46,params-to-param,completed,'-,'-,'-,1m55s,0,0,0,'-,'-,'-,yes,checked,no,FAILED,code=yes build=no ast=- verified=no,test_failed,
47,value-is-a-sequence,completed,'-,'-,'-,54s,0,0,0,'-,'-,'-,yes,checked,no,PASSED,code=yes build=yes ast=- verified=yes,,
48,add-log-parameter-get-debug-flag,completed,'-,'-,'-,3m42s,0,0,0,'-,'-,'-,yes,checked,no,FAILED,code=yes build=no ast=- verified=no,test_failed,
49,add-log-parameter-get-flashed-messages,completed,'-,'-,'-,58s,0,0,0,'-,'-,'-,yes,checked,no,FAILED,code=yes build=no ast=- verified=no,test_failed,
50,debughelpers-to-helpers.py,terminated,'-,'-,'-,15s,0,0,0,'-,'-,'-,yes,checked,no,TIMEOUT,code=no build=no ast=- verified=no,,
51,rename-send-from-directory,completed,'-,'-,'-,2m54s,0,0,0,'-,'-,'-,yes,checked,no,PASSED,code=yes build=yes ast=- verified=yes,,
52,render-template-str,terminated,'-,'-,'-,27s,0,0,0,'-,'-,'-,yes,checked,no,TIMEOUT,code=no build=no ast=- verified=no,,
53,stream-template-str,completed,'-,'-,'-,50s,0,0,0,'-,'-,'-,yes,checked,no,FAILED,code=yes build=no ast=- verified=no,test_failed,
54,add-log-parameter-get-encoding-from-headers,completed,'-,'-,'-,3m36s,0,0,0,'-,'-,'-,yes,checked,no,FAILED,code=yes build=no ast=- verified=no,test_failed,
55,add-log-parameter-resolve-proxies,completed,'-,'-,'-,1m09s,0,0,0,'-,'-,'-,yes,checked,no,PASSED,code=yes build=yes ast=- verified=yes,,
56,add-log-parameter-select-proxy,completed,'-,'-,'-,1m20s,0,0,0,'-,'-,'-,yes,checked,no,FAILED,code=yes build=no ast=- verified=no,test_failed,
57,combine-from-key-to-key,completed,'-,'-,'-,1m20s,0,0,0,'-,'-,'-,yes,checked,no,FAILED,code=yes build=no ast=- verified=no,test_failed,
58,combine-internal-utils-utils,completed,'-,'-,'-,1m50s,0,0,0,'-,'-,'-,yes,checked,no,FAILED,code=yes build=no ast=- verified=no,test_failed,
59,move-hooks-sessions,terminated,'-,'-,'-,1m02s,0,0,0,'-,'-,'-,yes,checked,no,TIMEOUT,code=no build=no ast=- verified=no,,
60,new-cookie-utils-class,completed,'-,'-,'-,4m10s,0,0,0,'-,'-,'-,yes,checked,no,FAILED,code=yes build=no ast=- verified=no,test_failed,
61,rename-lookup-dict-dict-lookup,completed,'-,'-,'-,43s,0,0,0,'-,'-,'-,yes,checked,no,PASSED,code=yes build=yes ast=- verified=yes,,
62,rename-super-len-complex-len,completed,'-,'-,'-,1m28s,0,0,0,'-,'-,'-,yes,checked,no,PASSED,code=yes build=yes ast=- verified=yes,,
63,split-warnings-exceptions,completed,'-,'-,'-,3m15s,0,0,0,'-,'-,'-,yes,checked,no,FAILED,code=yes build=no ast=- verified=no,test_failed,
64,add-log-parameter-delete-directory,completed,'-,'-,'-,2m16s,0,0,0,'-,'-,'-,yes,checked,no,FAILED,code=yes build=no ast=- verified=no,test_failed,
65,add-log-parameter-get-capability-definitions,completed,'-,'-,'-,3m23s,0,0,0,'-,'-,'-,yes,checked,no,PASSED,code=yes build=yes ast=- verified=yes,,
66,add-log-parameter-recursive-diff,completed,'-,'-,'-,6m02s,0,0,0,'-,'-,'-,yes,checked,no,FAILED,code=yes build=no ast=- verified=no,test_failed,
67,cant-create,completed,'-,'-,'-,48s,0,0,0,'-,'-,'-,yes,checked,no,PASSED,code=yes build=yes ast=- verified=yes,,
68,channel-to-transport,completed,'-,'-,'-,1m13s,0,0,0,'-,'-,'-,yes,checked,no,PASSED,code=yes build=yes ast=- verified=yes,,
69,ex-pillar-fail,completed,'-,'-,'-,1m,0,0,0,'-,'-,'-,yes,checked,no,PASSED,code=yes build=yes ast=- verified=yes,,
70,ex-state-fail,completed,'-,'-,'-,1m15s,0,0,0,'-,'-,'-,yes,checked,no,PASSED,code=yes build=yes ast=- verified=yes,,
71,exactly-n-boto-mod,terminated,'-,'-,'-,46s,0,0,0,'-,'-,'-,yes,checked,no,TIMEOUT,code=no build=no ast=- verified=no,,
72,get-unavail,completed,'-,'-,'-,47s,0,0,0,'-,'-,'-,yes,checked,no,PASSED,code=yes build=yes ast=- verified=yes,,
73,iam-to-aws,completed,'-,'-,'-,1m47s,0,0,0,'-,'-,'-,yes,checked,no,PASSED,code=yes build=yes ast=- verified=yes,,
74,mksls-to-specific,completed,'-,'-,'-,1m04s,0,0,0,'-,'-,'-,yes,checked,no,FAILED,code=yes build=no ast=- verified=no,test_failed,
75,namecheap-xmlutil,completed,'-,'-,'-,2m40s,0,0,0,'-,'-,'-,yes,checked,no,PASSED,code=yes build=yes ast=- verified=yes,,
76,paged-call-boto-mod,completed,'-,'-,'-,1m15s,0,0,0,'-,'-,'-,yes,checked,no,FAILED,code=yes build=no ast=- verified=no,test_failed,
77,pem-fingerprint,completed,'-,'-,'-,1m59s,0,0,0,'-,'-,'-,yes,checked,no,PASSED,code=yes build=yes ast=- verified=yes,,
78,perm-denied,terminated,'-,'-,'-,2m39s,0,0,0,'-,'-,'-,yes,checked,no,TIMEOUT,code=no build=no ast=- verified=no,,
79,add-log-parameter-disconnect-all,completed,'-,'-,'-,1m20s,0,0,0,'-,'-,'-,yes,checked,no,FAILED,code=yes build=no ast=- verified=no,test_failed,
80,add-log-parameter-job-dir,completed,'-,'-,'-,56s,0,0,0,'-,'-,'-,yes,checked,no,FAILED,code=yes build=no ast=- verified=no,test_failed,
81,add-log-parameter-xmliter,completed,'-,'-,'-,1m16s,0,0,0,'-,'-,'-,yes,checked,no,FAILED,code=yes build=no ast=- verified=no,test_failed,
82,genspider-functions-to-utils-url,completed,'-,'-,'-,1m24s,0,0,0,'-,'-,'-,yes,checked,no,FAILED,code=yes build=no ast=- verified=no,test_failed,
83,new-downloadermiddlewares-utils,completed,'-,'-,'-,1m18s,0,0,0,'-,'-,'-,yes,checked,no,FAILED,code=yes build=no ast=- verified=no,test_failed,
84,new-spider-utils-in-spiders,completed,'-,'-,'-,2m25s,0,0,0,'-,'-,'-,yes,checked,no,PASSED,code=yes build=yes ast=- verified=yes,,
85,new-verify-reactor-class,completed,'-,'-,'-,2m59s,0,0,0,'-,'-,'-,yes,checked,no,FAILED,code=yes build=no ast=- verified=no,test_failed,
86,not-supported-exception-to-unsupported,completed,'-,'-,'-,45s,0,0,0,'-,'-,'-,yes,checked,no,FAILED,code=yes build=no ast=- verified=no,test_failed,
87,parameterize-gunzip,completed,'-,'-,'-,3m30s,0,0,0,'-,'-,'-,yes,checked,no,FAILED,code=yes build=no ast=- verified=no,test_failed,
88,rename-description-commands,completed,'-,'-,'-,1m02s,0,0,0,'-,'-,'-,yes,checked,no,FAILED,code=yes build=no ast=- verified=no,test_failed,
89,rename-engine-status,completed,'-,'-,'-,1m42s,0,0,0,'-,'-,'-,yes,checked,no,FAILED,code=yes build=no ast=- verified=no,test_failed,
90,rename-processtest-testproc,completed,'-,'-,'-,1m12s,0,0,0,'-,'-,'-,yes,checked,no,FAILED,code=yes build=no ast=- verified=no,test_failed,
91,sitemap-url-to-url,completed,'-,'-,'-,1m08s,0,0,0,'-,'-,'-,yes,checked,no,FAILED,code=yes build=no ast=- verified=no,test_failed,
92,global-objects,completed,'-,'-,'-,1m47s,0,0,0,'-,'-,'-,yes,checked,no,FAILED,code=yes build=no ast=- verified=no,test_failed,
93,log-utils,completed,'-,'-,'-,3m10s,0,0,0,'-,'-,'-,yes,checked,no,FAILED,code=yes build=no ast=- verified=no,test_failed,
94,option-parser-with-pretty-print,completed,'-,'-,'-,2m44s,0,0,0,'-,'-,'-,yes,checked,no,FAILED,code=yes build=no ast=- verified=no,test_failed,
95,options-utils,terminated,'-,'-,'-,3m20s,0,0,0,'-,'-,'-,yes,checked,no,TIMEOUT,code=no build=no ast=- verified=no,,
96,remove-locale-data,completed,'-,'-,'-,4m53s,0,0,0,'-,'-,'-,yes,checked,no,FAILED,code=yes build=no ast=- verified=no,test_failed,
97,rename-http1connection,completed,'-,'-,'-,1m26s,0,0,0,'-,'-,'-,yes,checked,no,FAILED,code=yes build=no ast=- verified=no,test_failed,
98,rename-to-camel-case,completed,'-,'-,'-,1m57s,0,0,0,'-,'-,'-,yes,checked,no,FAILED,code=yes build=no ast=- verified=no,test_failed,
99,resolvers-as-separate,completed,'-,'-,'-,2m33s,0,0,0,'-,'-,'-,yes,checked,no,FAILED,code=yes build=no ast=- verified=no,test_failed,
100,tcpclient-connect-params,completed,'-,'-,'-,1m16s,0,0,0,'-,'-,'-,yes,checked,no,FAILED,code=yes build=no ast=- verified=no,test_failed,
TOT,,,254.1k,1.5k,43.0k,3h09m,0,0,20,,,,,,,,,,

Summary,
Total runs,100
Passed,31
Failed,58
Timed out,11
Success rate,31%
