Run ID,benchmark_pipeline_20260509_045651
Status,completed
Model,qwen/qwen3.6-flash
Datasets,refbench
Setups,s1_default

#,Task,Status,Input,Output,Cache,Time,Reqs,+Lines,-Lines,Files,Apply,Test,Result
1,add-log-parameter-get-group-vars,completed,202.0k,2.6k,-,27s,-,3,2,2,yes,yes,PASSED
2,add-log-parameter-is-systemd-managed,completed,257.4k,3.9k,-,32s,-,4,3,3,yes,yes,PASSED
3,combine-namespace-compat,completed,516.8k,5.1k,-,53s,-,32,8,6,yes,no,FAILED
4,data-to-inventory-data,completed,318.8k,4.4k,-,39s,-,2,2,2,yes,yes,PASSED
5,move-quoting-splitter,completed,1.3M,13.1k,-,1m59s,-,17,7,7,yes,yes,PASSED
6,new-inventory-patterns,completed,247.7k,4.5k,-,34s,-,103,75,3,yes,yes,PASSED
7,new-utils-class-connection,completed,513.2k,7.7k,-,1m04s,-,53,51,3,yes,yes,PASSED
8,new-utils-from-basic,completed,2.0M,22.8k,-,2m47s,-,153,137,13,yes,no,FAILED
9,parse_key_value,completed,384.2k,6.2k,-,50s,-,33,33,12,yes,yes,PASSED
10,rename-lenient-lowercase,completed,274.8k,3.4k,-,30s,-,9,9,3,yes,yes,PASSED
11,sort-groups-to-group-sort,completed,163.5k,2.9k,-,22s,-,4,4,2,yes,yes,PASSED
12,add-log-parameter-get-digest-algorithm,completed,144.1k,1.5k,-,16s,-,2,2,2,yes,yes,PASSED
13,add-log-parameter-node-format,completed,186.2k,3.3k,-,25s,-,5,5,3,yes,yes,PASSED
14,annotation-utils,completed,202.1k,3.4k,-,26s,-,11,5,3,yes,no,FAILED
15,autoretry-to-retry,completed,681.0k,8.7k,-,1m17s,-,81,69,6,yes,yes,PASSED
16,combine-unpickle-task,completed,169.9k,2.7k,-,21s,-,6,10,3,yes,no,FAILED
17,dump-message-to-serialization,completed,177.0k,2.2k,-,20s,-,9,8,2,yes,yes,PASSED
18,ensure_serialize,completed,220.5k,3.2k,-,28s,-,9,9,4,yes,yes,PASSED
19,evaluate-promises-to-serialization,completed,290.7k,4.5k,-,41s,-,9,8,2,yes,yes,PASSED
20,expand-router-string-to-utils,completed,225.3k,1.9k,-,22s,-,10,9,2,yes,yes,PASSED
21,object-mro-lookup,completed,125.1k,1.2k,-,12s,-,2,1,1,yes,yes,PASSED
22,rename-host-format,completed,151.8k,2.4k,-,19s,-,10,10,4,yes,yes,PASSED
23,truncate-text,completed,265.6k,5.2k,-,44s,-,17,17,7,yes,yes,PASSED
24,add-log-parameter-constant-time-compare,completed,244.1k,5.3k,-,40s,-,15,14,7,yes,no,FAILED
25,add-log-parameter-get-resolver,completed,1.5M,14.9k,-,2m23s,-,34,29,11,yes,no,FAILED
26,add-log-parameter-resolve-error-handler,completed,824.8k,9.7k,-,1m29s,-,13,8,4,yes,no,FAILED
27,add-none-handling-duration-string,completed,172.8k,1.7k,-,18s,-,5,-,2,yes,no,FAILED
28,combine-utils-dates-dateformat,completed,235.6k,4.1k,-,31s,-,78,10,3,yes,yes,PASSED
29,combine-utils-hashable-itercompat,completed,199.1k,5.7k,-,35s,-,111,13,14,yes,yes,PASSED
30,new-converter-to-python-class,completed,394.8k,4.1k,-,48s,-,53,-,3,yes,yes,PASSED
31,new-path-traversal-exception,completed,1.5M,16.5k,-,2m13s,-,15,8,5,yes,no,FAILED
32,new-reference-context-field-class,completed,518.4k,5.9k,-,58s,-,34,18,3,yes,yes,PASSED
33,new-reference-context-graph-class,completed,2.0M,15.4k,-,3m11s,-,51,54,4,yes,yes,PASSED
34,new-timezone-class,completed,692.3k,8.5k,-,1m17s,-,8,8,2,yes,no,FAILED
35,new-utils-adapt-method-mode,completed,427.8k,4.1k,-,44s,-,38,37,2,yes,yes,PASSED
36,new-utils-check-response,completed,364.8k,4.9k,-,44s,-,35,30,2,yes,yes,PASSED
37,new-utils-path-from-module,completed,327.8k,4.3k,-,39s,-,38,31,2,yes,yes,PASSED
38,remove-core-cache-utils,completed,290.4k,3.9k,-,36s,-,17,5,4,yes,yes,PASSED
39,remove-db-models-constants,completed,253.9k,5.8k,-,38s,-,34,20,20,yes,yes,PASSED
40,rename-file-move-safe,completed,264.9k,5.3k,-,48s,-,20,20,5,yes,yes,PASSED
41,split-parse-apps-and-model-labels,completed,369.0k,3.2k,-,37s,-,31,22,3,yes,yes,PASSED
42,add-log-parameter-generate-option-id-for-path,completed,101.7k,1.3k,-,13s,-,2,2,2,yes,yes,PASSED
43,exception-handlers-to-handlers,completed,316.7k,4.4k,-,38s,-,9,9,9,yes,yes,PASSED
44,get-auth-scheme-param,completed,369.8k,4.8k,-,42s,-,9,9,3,yes,yes,PASSED
45,openapi-get-utils,completed,374.6k,6.8k,-,53s,-,7,7,7,yes,no,FAILED
46,params-to-param,completed,970.0k,12.3k,-,1m51s,-,5,5,2,yes,yes,PASSED
47,value-is-a-sequence,completed,134.6k,1.3k,-,15s,-,3,3,2,yes,yes,PASSED
48,add-log-parameter-get-debug-flag,completed,332.3k,5.0k,-,40s,-,8,5,4,yes,yes,PASSED
49,add-log-parameter-get-flashed-messages,completed,188.5k,2.7k,-,26s,-,9,7,2,yes,yes,PASSED
50,debughelpers-to-helpers.py,completed,188.5k,2.7k,-,26s,-,9,7,2,no,no,TIMEOUT
51,rename-send-from-directory,completed,342.4k,7.6k,-,55s,-,11,8,5,yes,yes,PASSED
52,render-template-str,completed,145.3k,4.1k,-,25s,-,14,14,8,yes,yes,PASSED
53,stream-template-str,completed,112.0k,1.1k,-,13s,-,2,2,2,yes,yes,PASSED
54,add-log-parameter-get-encoding-from-headers,completed,152.0k,2.1k,-,20s,-,3,3,3,yes,yes,PASSED
55,add-log-parameter-resolve-proxies,completed,123.2k,1.5k,-,14s,-,3,3,2,yes,yes,PASSED
56,add-log-parameter-select-proxy,completed,127.8k,2.4k,-,20s,-,5,4,2,yes,yes,PASSED
57,combine-from-key-to-key,completed,201.2k,4.6k,-,31s,-,20,39,3,yes,no,FAILED
58,combine-internal-utils-utils,completed,616.8k,9.3k,-,1m23s,-,50,15,6,yes,yes,PASSED
59,move-hooks-sessions,completed,294.4k,4.3k,-,41s,-,24,6,4,yes,no,FAILED
60,new-cookie-utils-class,completed,2.1M,22.2k,-,3m04s,-,273,203,7,yes,yes,PASSED
61,rename-lookup-dict-dict-lookup,completed,95.1k,1.9k,-,13s,-,7,7,3,yes,yes,PASSED
62,rename-super-len-complex-len,completed,190.1k,4.1k,-,28s,-,28,28,3,yes,yes,PASSED
63,split-warnings-exceptions,completed,210.1k,3.4k,-,30s,-,24,19,4,yes,yes,PASSED
64,add-log-parameter-delete-directory,completed,166.7k,2.4k,-,22s,-,2,2,2,yes,yes,PASSED
65,add-log-parameter-get-capability-definitions,completed,199.5k,4.1k,-,29s,-,11,8,3,yes,yes,PASSED
66,add-log-parameter-recursive-diff,completed,742.4k,9.7k,-,1m30s,-,9,4,2,yes,yes,PASSED
67,cant-create,completed,148.6k,1.8k,-,16s,-,4,4,3,yes,yes,PASSED
68,channel-to-transport,completed,235.6k,3.4k,-,29s,-,3,3,2,yes,yes,PASSED
69,ex-pillar-fail,completed,121.4k,1.4k,-,14s,-,1,1,1,yes,yes,PASSED
70,ex-state-fail,completed,120.4k,1.6k,-,17s,-,4,4,3,yes,yes,PASSED
71,exactly-n-boto-mod,completed,433.4k,6.9k,-,56s,-,7,19,2,yes,no,FAILED
72,get-unavail,completed,121.4k,1.5k,-,16s,-,4,4,4,yes,yes,PASSED
73,iam-to-aws,completed,235.0k,2.4k,-,28s,-,41,1,1,yes,yes,PASSED
74,mksls-to-specific,completed,118.8k,1.5k,-,15s,-,3,3,3,yes,yes,PASSED
75,namecheap-xmlutil,completed,313.7k,3.9k,-,35s,-,101,73,2,yes,yes,PASSED
76,paged-call-boto-mod,completed,126.3k,1.7k,-,20s,-,1,15,1,yes,no,FAILED
77,pem-fingerprint,completed,925.6k,12.1k,-,1m52s,-,25,25,12,yes,yes,PASSED
78,perm-denied,completed,165.4k,1.6k,-,21s,-,2,2,2,yes,yes,PASSED
79,add-log-parameter-disconnect-all,completed,117.9k,1.8k,-,16s,-,3,3,3,yes,yes,PASSED
80,add-log-parameter-job-dir,completed,184.2k,2.4k,-,23s,-,5,4,4,yes,no,FAILED
81,add-log-parameter-xmliter,completed,512.4k,15.9k,-,1m55s,-,19,16,2,yes,no,FAILED
82,genspider-functions-to-utils-url,completed,213.6k,3.4k,-,26s,-,30,30,2,yes,yes,PASSED
83,new-downloadermiddlewares-utils,completed,168.6k,2.9k,-,24s,-,26,20,2,yes,no,FAILED
84,new-spider-utils-in-spiders,completed,553.4k,6.1k,-,1m01s,-,75,43,3,yes,no,FAILED
85,new-verify-reactor-class,completed,1.3M,10.1k,-,2m17s,-,62,44,6,yes,no,FAILED
86,not-supported-exception-to-unsupported,completed,207.0k,3.9k,-,30s,-,16,16,6,yes,yes,PASSED
87,parameterize-gunzip,completed,990.4k,10.0k,-,1m49s,-,33,26,5,yes,no,FAILED
88,rename-description-commands,completed,336.8k,5.6k,-,50s,-,23,23,15,yes,no,FAILED
89,rename-engine-status,completed,635.9k,4.0k,-,1m08s,-,16,16,6,yes,yes,PASSED
90,rename-processtest-testproc,completed,228.6k,2.6k,-,26s,-,9,9,5,yes,yes,PASSED
91,sitemap-url-to-url,completed,668.6k,6.8k,-,1m12s,-,24,16,4,yes,yes,PASSED
92,global-objects,completed,255.9k,6.2k,-,42s,-,38,28,4,yes,no,FAILED
93,log-utils,completed,378.6k,5.5k,-,48s,-,154,130,4,yes,yes,PASSED
94,option-parser-with-pretty-print,completed,1.2M,25.8k,-,3m22s,-,66,52,2,yes,no,FAILED
95,options-utils,completed,2.7M,31.0k,-,6m00s,-,410,186,25,yes,no,FAILED
96,remove-locale-data,completed,592.9k,9.3k,-,1m20s,-,1,1,1,yes,yes,PASSED
97,rename-http1connection,completed,211.2k,5.0k,-,34s,-,13,13,5,yes,yes,PASSED
98,rename-to-camel-case,completed,214.1k,4.6k,-,37s,-,10,10,4,yes,yes,PASSED
99,resolvers-as-separate,completed,1.9M,18.0k,-,2m26s,-,324,302,11,yes,no,FAILED
100,tcpclient-connect-params,completed,1.2M,14.7k,-,2m07s,-,94,18,5,yes,yes,PASSED
TOT,,,46.3M,601.7k,-,1.5h,,,,,,,,

Summary,
Total tasks,100
Passed,73
Failed,26
Timed out,1
Success rate,73%
