taskId,repo,mode,model,setup,passed,testSucceeded,applySucceeded,durationSeconds,inputTokens,outputTokens,totalTokens,requests,filesEdited,filesEditedCount,copilotExitCode,copilotTimedOut,copilotLspActionCount,copilotLspActionMarkers,applyError,completedAt
add-log-parameter-get-group-vars,ansible_refactor,base,qwen/qwen3.6-flash,single-agent,True,True,True,42.52,155956,3221,159177,9,,0,0,False,4,diagnostic;find_references;go_to_definition;hover,,2026-05-11T10:48:18Z
add-log-parameter-is-systemd-managed,ansible_refactor,base,qwen/qwen3.6-flash,single-agent,False,False,True,60.58,155956,3221,159177,9,,0,0,False,4,diagnostic;find_references;go_to_definition;hover,,2026-05-11T10:49:25Z
combine-namespace-compat,ansible_refactor,base,qwen/qwen3.6-flash,single-agent,True,True,True,63.3,376019,5663,381682,16,,0,0,False,4,diagnostic;find_references;go_to_definition;hover,,2026-05-11T10:50:32Z
data-to-inventory-data,ansible_refactor,base,qwen/qwen3.6-flash,single-agent,True,True,True,42.4,388542,4386,392928,14,,0,0,False,4,diagnostic;find_references;go_to_definition;hover,,2026-05-11T10:51:16Z
move-quoting-splitter,ansible_refactor,base,qwen/qwen3.6-flash,single-agent,True,True,True,52.66,213335,2307,215642,12,,0,0,False,4,diagnostic;find_references;go_to_definition;hover,,2026-05-11T10:52:12Z
new-inventory-patterns,ansible_refactor,base,qwen/qwen3.6-flash,single-agent,True,True,True,81.86,303786,4983,308769,13,,0,0,False,4,diagnostic;find_references;go_to_definition;hover,,2026-05-11T10:53:37Z
new-utils-class-connection,ansible_refactor,base,qwen/qwen3.6-flash,single-agent,True,True,True,87.89,451457,8789,460246,21,,0,0,False,4,diagnostic;find_references;go_to_definition;hover,,2026-05-11T10:55:09Z
new-utils-from-basic,ansible_refactor,base,qwen/qwen3.6-flash,single-agent,False,False,True,156.63,502223,7108,509331,18,,0,0,False,4,diagnostic;find_references;go_to_definition;hover,,2026-05-11T10:57:48Z
parse_key_value,ansible_refactor,base,qwen/qwen3.6-flash,single-agent,True,True,True,45.98,1311751,16360,1328111,43,,0,0,False,4,diagnostic;find_references;go_to_definition;hover,,2026-05-11T10:58:37Z
rename-lenient-lowercase,ansible_refactor,base,qwen/qwen3.6-flash,single-agent,True,True,True,23.54,201954,5537,207491,9,,0,0,False,4,diagnostic;find_references;go_to_definition;hover,,2026-05-11T10:59:04Z
sort-groups-to-group-sort,ansible_refactor,base,qwen/qwen3.6-flash,single-agent,True,True,True,25.46,112213,1930,114143,6,,0,0,False,4,diagnostic;find_references;go_to_definition;hover,,2026-05-11T10:59:33Z
add-log-parameter-get-digest-algorithm,celery_refactor,base,qwen/qwen3.6-flash,single-agent,True,True,True,19.82,151949,1458,153407,9,,0,0,False,4,diagnostic;find_references;go_to_definition;hover,,2026-05-11T10:59:55Z
add-log-parameter-node-format,celery_refactor,base,qwen/qwen3.6-flash,single-agent,True,True,True,29.73,67134,1100,68234,4,,0,0,False,4,diagnostic;find_references;go_to_definition;hover,,2026-05-11T11:00:25Z
annotation-utils,celery_refactor,base,qwen/qwen3.6-flash,single-agent,False,False,True,36.26,138228,2085,140313,7,,0,0,False,4,diagnostic;find_references;go_to_definition;hover,,2026-05-11T11:01:02Z
autoretry-to-retry,celery_refactor,base,qwen/qwen3.6-flash,single-agent,True,True,True,68.76,185917,2360,188277,11,,0,0,False,4,diagnostic;find_references;go_to_definition;hover,,2026-05-11T11:02:12Z
combine-unpickle-task,celery_refactor,base,qwen/qwen3.6-flash,single-agent,False,False,True,44.04,621528,4924,626452,23,,0,0,False,4,diagnostic;find_references;go_to_definition;hover,,2026-05-11T11:02:57Z
dump-message-to-serialization,celery_refactor,base,qwen/qwen3.6-flash,single-agent,True,True,True,34.25,273944,3428,277372,14,,0,0,False,4,diagnostic;find_references;go_to_definition;hover,,2026-05-11T11:03:33Z
ensure_serialize,celery_refactor,base,qwen/qwen3.6-flash,single-agent,True,True,True,39.96,217436,2541,219977,11,,0,0,False,4,diagnostic;find_references;go_to_definition;hover,,2026-05-11T11:04:14Z
evaluate-promises-to-serialization,celery_refactor,base,qwen/qwen3.6-flash,single-agent,True,True,True,74.55,303009,2415,305424,17,,0,0,False,4,diagnostic;find_references;go_to_definition;hover,,2026-05-11T11:05:29Z
expand-router-string-to-utils,celery_refactor,base,qwen/qwen3.6-flash,single-agent,False,False,True,56.02,419276,4700,423976,15,,0,0,False,4,diagnostic;find_references;go_to_definition;hover,,2026-05-11T11:06:26Z
object-mro-lookup,celery_refactor,base,qwen/qwen3.6-flash,single-agent,True,True,True,23.36,331289,3537,334826,14,,0,0,False,4,diagnostic;find_references;go_to_definition;hover,,2026-05-11T11:06:50Z
rename-host-format,celery_refactor,base,qwen/qwen3.6-flash,single-agent,True,True,True,29.63,128800,1559,130359,8,,0,0,False,4,diagnostic;find_references;go_to_definition;hover,,2026-05-11T11:07:20Z
truncate-text,celery_refactor,base,qwen/qwen3.6-flash,single-agent,True,True,True,76.55,143144,2400,145544,8,,0,0,False,4,diagnostic;find_references;go_to_definition;hover,,2026-05-11T11:08:37Z
add-log-parameter-constant-time-compare,django_refactor,base,qwen/qwen3.6-flash,single-agent,False,False,False,188.32,536160,6482,542642,28,,0,0,False,4,diagnostic;find_references;go_to_definition;hover,Disallowed Copilot tool usage was detected.,2026-05-11T11:11:54Z
add-log-parameter-get-resolver,django_refactor,base,qwen/qwen3.6-flash,single-agent,False,False,True,101.9,1304567,18432,1322999,53,,0,0,False,4,diagnostic;find_references;go_to_definition;hover,,2026-05-11T11:13:40Z
add-log-parameter-resolve-error-handler,django_refactor,base,qwen/qwen3.6-flash,single-agent,False,False,True,30.35,803125,9210,812335,29,,0,0,False,4,diagnostic;find_references;go_to_definition;hover,,2026-05-11T11:14:14Z
add-none-handling-duration-string,django_refactor,base,qwen/qwen3.6-flash,single-agent,False,False,True,95.4,140955,2200,143155,8,,0,0,False,4,diagnostic;find_references;go_to_definition;hover,,2026-05-11T11:15:54Z
combine-utils-dates-dateformat,django_refactor,base,qwen/qwen3.6-flash,single-agent,True,True,True,42.84,187336,12561,199897,10,,0,0,False,4,diagnostic;find_references;go_to_definition;hover,,2026-05-11T11:16:40Z
combine-utils-hashable-itercompat,django_refactor,base,qwen/qwen3.6-flash,single-agent,True,True,True,46.45,254294,3233,257527,12,,0,0,False,4,diagnostic;find_references;go_to_definition;hover,,2026-05-11T11:17:31Z
new-converter-to-python-class,django_refactor,base,qwen/qwen3.6-flash,single-agent,False,False,True,50.94,198518,3402,201920,11,,0,0,False,4,diagnostic;find_references;go_to_definition;hover,,2026-05-11T11:18:26Z
new-path-traversal-exception,django_refactor,base,qwen/qwen3.6-flash,single-agent,False,False,True,115.08,248298,3206,251504,9,,0,0,False,4,diagnostic;find_references;go_to_definition;hover,,2026-05-11T11:20:25Z
new-reference-context-field-class,django_refactor,base,qwen/qwen3.6-flash,single-agent,False,False,True,67.11,714165,11793,725958,22,,0,0,False,4,diagnostic;find_references;go_to_definition;hover,,2026-05-11T11:21:36Z
new-reference-context-graph-class,django_refactor,base,qwen/qwen3.6-flash,single-agent,False,False,True,273.65,372872,5995,378867,16,,0,0,False,4,diagnostic;find_references;go_to_definition;hover,,2026-05-11T11:26:14Z
new-timezone-class,django_refactor,base,qwen/qwen3.6-flash,single-agent,False,False,True,442.2,3052841,26803,3079644,55,,0,0,False,4,diagnostic;find_references;go_to_definition;hover,,2026-05-11T11:33:40Z
new-utils-adapt-method-mode,django_refactor,base,qwen/qwen3.6-flash,single-agent,True,True,True,75.15,5276258,47035,5323293,110,,0,0,False,4,diagnostic;find_references;go_to_definition;hover,,2026-05-11T11:34:59Z
new-utils-check-response,django_refactor,base,qwen/qwen3.6-flash,single-agent,True,True,True,77.5,697975,6389,704364,24,,0,0,False,4,diagnostic;find_references;go_to_definition;hover,,2026-05-11T11:36:20Z
new-utils-path-from-module,django_refactor,base,qwen/qwen3.6-flash,single-agent,False,False,True,52.4,680777,5541,686318,32,,0,0,False,4,diagnostic;find_references;go_to_definition;hover,,2026-05-11T11:37:16Z
remove-core-cache-utils,django_refactor,base,qwen/qwen3.6-flash,single-agent,True,True,True,50.81,278771,4804,283575,14,,0,0,False,4,diagnostic;find_references;go_to_definition;hover,,2026-05-11T11:38:11Z
remove-db-models-constants,django_refactor,base,qwen/qwen3.6-flash,single-agent,False,False,True,1022.08,381136,3542,384678,18,,0,0,False,4,diagnostic;find_references;go_to_definition;hover,,2026-05-11T11:55:17Z
rename-file-move-safe,django_refactor,base,qwen/qwen3.6-flash,single-agent,True,True,True,36.34,2713592,155895,2869487,69,,0,0,False,4,diagnostic;find_references;go_to_definition;hover,,2026-05-11T11:55:58Z
split-parse-apps-and-model-labels,django_refactor,base,qwen/qwen3.6-flash,single-agent,False,False,True,32.15,131905,3700,135605,7,,0,0,False,4,diagnostic;find_references;go_to_definition;hover,,2026-05-11T11:56:34Z
add-log-parameter-generate-option-id-for-path,fastapi_refactor,base,qwen/qwen3.6-flash,single-agent,True,True,True,41.54,150035,2175,152210,8,,0,0,False,4,diagnostic;find_references;go_to_definition;hover,,2026-05-11T11:57:19Z
exception-handlers-to-handlers,fastapi_refactor,base,qwen/qwen3.6-flash,single-agent,True,True,True,101.23,313379,2989,316368,15,,0,0,False,4,diagnostic;find_references;go_to_definition;hover,,2026-05-11T11:59:02Z
get-auth-scheme-param,fastapi_refactor,base,qwen/qwen3.6-flash,single-agent,True,True,True,62.24,768626,8874,777500,30,,0,0,False,4,diagnostic;find_references;go_to_definition;hover,,2026-05-11T12:00:06Z
openapi-get-utils,fastapi_refactor,base,qwen/qwen3.6-flash,single-agent,True,True,True,46.61,448357,4801,453158,20,,0,0,False,4,diagnostic;find_references;go_to_definition;hover,,2026-05-11T12:00:56Z
params-to-param,fastapi_refactor,base,qwen/qwen3.6-flash,single-agent,True,True,True,64.15,277180,3175,280355,16,,0,0,False,4,diagnostic;find_references;go_to_definition;hover,,2026-05-11T12:02:02Z
value-is-a-sequence,fastapi_refactor,base,qwen/qwen3.6-flash,single-agent,True,True,True,21.37,454206,5342,459548,23,,0,0,False,4,diagnostic;find_references;go_to_definition;hover,,2026-05-11T12:02:25Z
add-log-parameter-get-debug-flag,flask_refactor,base,qwen/qwen3.6-flash,single-agent,True,True,True,80.55,131438,1050,132488,8,,0,0,False,4,diagnostic;find_references;go_to_definition;hover,,2026-05-11T12:03:46Z
add-log-parameter-get-flashed-messages,flask_refactor,base,qwen/qwen3.6-flash,single-agent,True,True,True,45.98,609876,8051,617927,32,,0,0,False,4,diagnostic;find_references;go_to_definition;hover,,2026-05-11T12:04:32Z
debughelpers-to-helpers.py,flask_refactor,base,qwen/qwen3.6-flash,single-agent,False,False,False,1.1,368985,3882,372867,18,,0,124,True,4,diagnostic;find_references;go_to_definition;hover,No repository changes detected from Copilot response.,2026-05-11T12:04:34Z
rename-send-from-directory,flask_refactor,base,qwen/qwen3.6-flash,single-agent,True,True,True,30.44,368985,3882,372867,18,,0,0,False,4,diagnostic;find_references;go_to_definition;hover,,2026-05-11T12:05:05Z
render-template-str,flask_refactor,base,qwen/qwen3.6-flash,single-agent,True,True,True,33.72,115311,2638,117949,6,,0,0,False,4,diagnostic;find_references;go_to_definition;hover,,2026-05-11T12:05:39Z
stream-template-str,flask_refactor,base,qwen/qwen3.6-flash,single-agent,True,True,True,58.36,185875,3116,188991,9,,0,0,False,4,diagnostic;find_references;go_to_definition;hover,,2026-05-11T12:06:38Z
add-log-parameter-get-encoding-from-headers,requests_refactor,base,qwen/qwen3.6-flash,single-agent,False,False,True,54.05,256158,5947,262105,14,,0,0,False,4,diagnostic;find_references;go_to_definition;hover,,2026-05-11T12:07:33Z
add-log-parameter-resolve-proxies,requests_refactor,base,qwen/qwen3.6-flash,single-agent,True,True,True,25.54,371416,4103,375519,20,,0,0,False,4,diagnostic;find_references;go_to_definition;hover,,2026-05-11T12:07:59Z
add-log-parameter-select-proxy,requests_refactor,base,qwen/qwen3.6-flash,single-agent,True,True,True,37.8,136762,1988,138750,8,,0,0,False,4,diagnostic;find_references;go_to_definition;hover,,2026-05-11T12:08:37Z
combine-from-key-to-key,requests_refactor,base,qwen/qwen3.6-flash,single-agent,True,True,True,56.17,223805,2728,226533,12,,0,0,False,4,diagnostic;find_references;go_to_definition;hover,,2026-05-11T12:09:33Z
combine-internal-utils-utils,requests_refactor,base,qwen/qwen3.6-flash,single-agent,True,True,True,45.89,349047,6396,355443,15,,0,0,False,4,diagnostic;find_references;go_to_definition;hover,,2026-05-11T12:10:20Z
move-hooks-sessions,requests_refactor,base,qwen/qwen3.6-flash,single-agent,False,False,True,290.74,279046,4345,283391,14,,0,0,False,4,diagnostic;find_references;go_to_definition;hover,,2026-05-11T12:15:11Z
new-cookie-utils-class,requests_refactor,base,qwen/qwen3.6-flash,single-agent,False,False,True,209.27,1525970,23721,1549691,54,,0,0,False,4,diagnostic;find_references;go_to_definition;hover,,2026-05-11T12:18:41Z
rename-lookup-dict-dict-lookup,requests_refactor,base,qwen/qwen3.6-flash,single-agent,True,True,True,23.58,1516552,17894,1534446,41,,0,0,False,4,diagnostic;find_references;go_to_definition;hover,,2026-05-11T12:19:05Z
rename-super-len-complex-len,requests_refactor,base,qwen/qwen3.6-flash,single-agent,True,True,True,53.89,112867,1903,114770,6,,0,0,False,4,diagnostic;find_references;go_to_definition;hover,,2026-05-11T12:19:59Z
split-warnings-exceptions,requests_refactor,base,qwen/qwen3.6-flash,single-agent,True,True,True,209.41,393211,4391,397602,17,,0,0,False,4,diagnostic;find_references;go_to_definition;hover,,2026-05-11T12:23:29Z
add-log-parameter-delete-directory,salt_refactor,base,qwen/qwen3.6-flash,single-agent,True,True,True,39.85,747492,24856,772348,28,,0,0,False,4,diagnostic;find_references;go_to_definition;hover,,2026-05-11T12:24:15Z
add-log-parameter-get-capability-definitions,salt_refactor,base,qwen/qwen3.6-flash,single-agent,True,True,True,39.78,276547,2903,279450,13,,0,0,False,4,diagnostic;find_references;go_to_definition;hover,,2026-05-11T12:24:58Z
add-log-parameter-recursive-diff,salt_refactor,base,qwen/qwen3.6-flash,single-agent,False,False,True,103.05,227066,3374,230440,13,,0,0,False,4,diagnostic;find_references;go_to_definition;hover,,2026-05-11T12:26:44Z
cant-create,salt_refactor,base,qwen/qwen3.6-flash,single-agent,True,True,True,28.18,593429,11552,604981,23,,0,0,False,4,diagnostic;find_references;go_to_definition;hover,,2026-05-11T12:27:17Z
channel-to-transport,salt_refactor,base,qwen/qwen3.6-flash,single-agent,True,True,True,48.71,161952,1579,163531,8,,0,0,False,4,diagnostic;find_references;go_to_definition;hover,,2026-05-11T12:28:09Z
ex-pillar-fail,salt_refactor,base,qwen/qwen3.6-flash,single-agent,True,True,True,17.58,358260,3117,361377,17,,0,0,False,4,diagnostic;find_references;go_to_definition;hover,,2026-05-11T12:28:30Z
ex-state-fail,salt_refactor,base,qwen/qwen3.6-flash,single-agent,True,True,True,64.7,82003,622,82625,5,,0,0,False,4,diagnostic;find_references;go_to_definition;hover,,2026-05-11T12:29:39Z
exactly-n-boto-mod,salt_refactor,base,qwen/qwen3.6-flash,single-agent,False,False,True,37.87,478831,4785,483616,27,,0,0,False,4,diagnostic;find_references;go_to_definition;hover,,2026-05-11T12:30:21Z
get-unavail,salt_refactor,base,qwen/qwen3.6-flash,single-agent,True,True,True,21.38,258315,2537,260852,10,,0,0,False,4,diagnostic;find_references;go_to_definition;hover,,2026-05-11T12:30:47Z
iam-to-aws,salt_refactor,base,qwen/qwen3.6-flash,single-agent,True,True,True,52.23,102825,1501,104326,6,,0,0,False,4,diagnostic;find_references;go_to_definition;hover,,2026-05-11T12:31:43Z
mksls-to-specific,salt_refactor,base,qwen/qwen3.6-flash,single-agent,False,False,False,9.49,397636,3994,401630,16,,0,124,True,4,diagnostic;find_references;go_to_definition;hover,No repository changes detected from Copilot response.,2026-05-11T12:31:56Z
namecheap-xmlutil,salt_refactor,base,qwen/qwen3.6-flash,single-agent,False,False,True,56.34,15479,240,15719,1,,0,0,False,4,diagnostic;find_references;go_to_definition;hover,,2026-05-11T12:32:57Z
paged-call-boto-mod,salt_refactor,base,qwen/qwen3.6-flash,single-agent,False,False,True,77.09,415898,5451,421349,16,,0,0,False,4,diagnostic;find_references;go_to_definition;hover,,2026-05-11T12:34:18Z
pem-fingerprint,salt_refactor,base,qwen/qwen3.6-flash,single-agent,True,True,True,70.96,726132,5811,731943,25,,0,0,False,4,diagnostic;find_references;go_to_definition;hover,,2026-05-11T12:35:33Z
perm-denied,salt_refactor,base,qwen/qwen3.6-flash,single-agent,True,True,True,22.19,376573,8500,385073,17,,0,0,False,4,diagnostic;find_references;go_to_definition;hover,,2026-05-11T12:35:59Z
add-log-parameter-disconnect-all,scrapy_refactor,base,qwen/qwen3.6-flash,single-agent,False,False,True,31.99,97462,853,98315,6,,0,0,False,4,diagnostic;find_references;go_to_definition;hover,,2026-05-11T12:36:33Z
add-log-parameter-job-dir,scrapy_refactor,base,qwen/qwen3.6-flash,single-agent,False,False,True,29.56,143363,2541,145904,8,,0,0,False,4,diagnostic;find_references;go_to_definition;hover,,2026-05-11T12:37:03Z
add-log-parameter-xmliter,scrapy_refactor,base,qwen/qwen3.6-flash,single-agent,True,True,True,105.84,142321,2333,144654,8,,0,0,False,4,diagnostic;find_references;go_to_definition;hover,,2026-05-11T12:38:50Z
genspider-functions-to-utils-url,scrapy_refactor,base,qwen/qwen3.6-flash,single-agent,True,True,True,36.48,718351,10881,729232,28,,0,0,False,4,diagnostic;find_references;go_to_definition;hover,,2026-05-11T12:39:27Z
new-downloadermiddlewares-utils,scrapy_refactor,base,qwen/qwen3.6-flash,single-agent,False,False,True,37.99,233588,2777,236365,10,,0,0,False,4,diagnostic;find_references;go_to_definition;hover,,2026-05-11T12:40:06Z
new-spider-utils-in-spiders,scrapy_refactor,base,qwen/qwen3.6-flash,single-agent,False,False,True,246.6,181829,2634,184463,10,,0,0,False,4,diagnostic;find_references;go_to_definition;hover,,2026-05-11T12:44:13Z
new-verify-reactor-class,scrapy_refactor,base,qwen/qwen3.6-flash,single-agent,True,True,True,120.44,1326061,14882,1340943,39,,0,0,False,4,diagnostic;find_references;go_to_definition;hover,,2026-05-11T12:46:14Z
not-supported-exception-to-unsupported,scrapy_refactor,base,qwen/qwen3.6-flash,single-agent,True,True,True,49.9,820150,8857,829007,32,,0,0,False,4,diagnostic;find_references;go_to_definition;hover,,2026-05-11T12:47:05Z
parameterize-gunzip,scrapy_refactor,base,qwen/qwen3.6-flash,single-agent,False,False,True,80.86,293082,4634,297716,14,,0,0,False,4,diagnostic;find_references;go_to_definition;hover,,2026-05-11T12:48:26Z
rename-description-commands,scrapy_refactor,base,qwen/qwen3.6-flash,single-agent,True,True,True,79.32,559970,6009,565979,21,,0,0,False,4,diagnostic;find_references;go_to_definition;hover,,2026-05-11T12:49:46Z
rename-engine-status,scrapy_refactor,base,qwen/qwen3.6-flash,single-agent,True,True,True,74.77,315560,5509,321069,10,,0,0,False,4,diagnostic;find_references;go_to_definition;hover,,2026-05-11T12:51:01Z
rename-processtest-testproc,scrapy_refactor,base,qwen/qwen3.6-flash,single-agent,False,False,True,23.44,433042,8206,441248,19,,0,0,False,4,diagnostic;find_references;go_to_definition;hover,,2026-05-11T12:51:25Z
sitemap-url-to-url,scrapy_refactor,base,qwen/qwen3.6-flash,single-agent,True,True,True,48.17,87079,1994,89073,5,,0,0,False,4,diagnostic;find_references;go_to_definition;hover,,2026-05-11T12:52:14Z
global-objects,tornado_refactor,base,qwen/qwen3.6-flash,single-agent,False,False,True,35.86,378061,3750,381811,16,,0,0,False,4,diagnostic;find_references;go_to_definition;hover,,2026-05-11T12:52:50Z
log-utils,tornado_refactor,base,qwen/qwen3.6-flash,single-agent,False,False,True,138.08,159453,3103,162556,8,,0,0,False,4,diagnostic;find_references;go_to_definition;hover,,2026-05-11T12:55:09Z
option-parser-with-pretty-print,tornado_refactor,base,qwen/qwen3.6-flash,single-agent,False,False,True,121.41,804407,10170,814577,25,,0,0,False,4,diagnostic;find_references;go_to_definition;hover,,2026-05-11T12:57:10Z
options-utils,tornado_refactor,base,qwen/qwen3.6-flash,single-agent,False,False,True,455.92,674561,15270,689831,25,,0,0,False,4,diagnostic;find_references;go_to_definition;hover,,2026-05-11T13:04:47Z
remove-locale-data,tornado_refactor,base,qwen/qwen3.6-flash,single-agent,True,True,True,89.58,1631150,64540,1695690,45,,0,0,False,4,diagnostic;find_references;go_to_definition;hover,,2026-05-11T13:06:17Z
rename-http1connection,tornado_refactor,base,qwen/qwen3.6-flash,single-agent,True,True,True,146.06,526407,7083,533490,25,,0,0,False,4,diagnostic;find_references;go_to_definition;hover,,2026-05-11T13:08:43Z
rename-to-camel-case,tornado_refactor,base,qwen/qwen3.6-flash,single-agent,True,True,True,33.72,871389,11502,882891,32,,0,0,False,4,diagnostic;find_references;go_to_definition;hover,,2026-05-11T13:09:17Z
resolvers-as-separate,tornado_refactor,base,qwen/qwen3.6-flash,single-agent,True,True,True,366.29,192425,2848,195273,10,,0,0,False,4,diagnostic;find_references;go_to_definition;hover,,2026-05-11T13:15:24Z
tcpclient-connect-params,tornado_refactor,base,qwen/qwen3.6-flash,single-agent,True,True,True,104.42,3252384,38376,3290760,93,,0,0,False,4,diagnostic;find_references;go_to_definition;hover,,2026-05-11T13:17:09Z
TOTAL,,base,qwen/qwen3.6-flash,s1_default,64/100 (64%),,,8756s (145.9min),53546011,859200,54405211,1956,,,,,,,,
TOTAL,,,,101 tasks,64 passed,,,,,,,,,,,,,,
