Run ID,benchmark_pipeline_20260517_122814
Status,completed
Model,qwen/qwen3.6-flash
Datasets,refbench
Setups,s1_default

#,Task,Status,Input,Output,Cache,Time,Evals,Cmpct,Reqs,'+Lines,'-Lines,Files,Model,Build/Test,Model mismatch,Result,Checks,Reason,Build Log
1,add-log-parameter-get-group-vars,terminated,46.3k,540,'-,7s,0,0,3,'-,'-,'-,yes,checked,no,TIMEOUT,code=no build=no ast=- verified=no,test_failed,
2,add-log-parameter-is-systemd-managed,terminated,74.6k,1.5k,'-,12s,0,0,4,2,1,1,yes,checked,no,FAILED,code=yes build=no ast=- verified=no,test_failed,
3,combine-namespace-compat,terminated,220.2k,3.3k,'-,27s,0,0,12,24,22,2,yes,checked,no,FAILED,code=yes build=no ast=- verified=no,test_failed,
4,data-to-inventory-data,terminated,376.0k,3.6k,'-,41s,0,0,18,2,2,2,yes,checked,no,PASSED,code=yes build=yes ast=- verified=yes,,
5,move-quoting-splitter,terminated,2.6M,25.2k,'-,4m04s,0,0,66,21,9,1,yes,checked,no,FAILED,code=yes build=no ast=- verified=no,test_failed,
6,new-inventory-patterns,terminated,384.9k,3.7k,'-,41s,0,0,20,'-,'-,'-,yes,checked,no,TIMEOUT,code=no build=no ast=- verified=no,test_failed,
7,new-utils-class-connection,terminated,13.8k,'-,'-,5s,0,0,0,'-,'-,'-,yes,checked,no,TIMEOUT,code=no build=no ast=- verified=no,test_failed,
8,new-utils-from-basic,terminated,121.3k,1.7k,'-,19s,0,0,7,'-,'-,'-,yes,checked,no,TIMEOUT,code=no build=no ast=- verified=no,test_failed,
9,parse_key_value,terminated,320.2k,6.2k,'-,47s,0,0,16,33,33,12,yes,checked,no,PASSED,code=yes build=yes ast=- verified=yes,,
10,rename-lenient-lowercase,terminated,264.1k,3.7k,'-,32s,0,0,12,9,9,3,yes,checked,no,PASSED,code=yes build=yes ast=- verified=yes,,
11,sort-groups-to-group-sort,terminated,236.8k,2.9k,'-,30s,0,0,14,4,4,2,yes,checked,no,PASSED,code=yes build=yes ast=- verified=yes,,
12,add-log-parameter-get-digest-algorithm,terminated,272.0k,3.6k,'-,38s,0,0,15,10,5,2,yes,checked,no,PASSED,code=yes build=yes ast=- verified=yes,,
13,add-log-parameter-node-format,terminated,212.1k,4.8k,'-,41s,0,0,10,4,3,1,yes,checked,no,FAILED,code=yes build=no ast=- verified=no,test_failed,
14,annotation-utils,terminated,234.6k,4.3k,'-,39s,0,0,14,15,7,3,yes,checked,no,FAILED,code=yes build=no ast=- verified=no,test_failed,
15,autoretry-to-retry,terminated,319.7k,5.7k,'-,50s,0,0,16,8,8,6,yes,checked,no,PASSED,code=yes build=yes ast=- verified=yes,,
16,combine-unpickle-task,terminated,67.0k,988,'-,9s,0,0,4,'-,'-,'-,yes,checked,no,TIMEOUT,code=no build=no ast=- verified=no,test_failed,
17,dump-message-to-serialization,terminated,30.3k,258,'-,3s,0,0,2,'-,'-,'-,yes,checked,no,TIMEOUT,code=no build=no ast=- verified=no,test_failed,
18,ensure_serialize,terminated,359.5k,7.6k,'-,57s,0,0,16,9,9,4,yes,checked,no,PASSED,code=yes build=yes ast=- verified=yes,,
19,evaluate-promises-to-serialization,terminated,324.9k,4.4k,'-,42s,0,0,16,9,8,2,yes,checked,no,PASSED,code=yes build=yes ast=- verified=yes,,
20,expand-router-string-to-utils,terminated,95.1k,1.3k,'-,16s,0,0,6,'-,'-,'-,yes,checked,no,TIMEOUT,code=no build=no ast=- verified=no,test_failed,
21,object-mro-lookup,terminated,218.6k,2.1k,'-,26s,0,0,11,2,1,1,yes,checked,no,PASSED,code=yes build=yes ast=- verified=yes,,
22,rename-host-format,terminated,197.3k,3.0k,'-,30s,0,0,11,10,10,4,yes,checked,no,PASSED,code=yes build=yes ast=- verified=yes,,
23,truncate-text,terminated,317.9k,4.0k,'-,36s,0,0,16,17,17,7,yes,checked,no,PASSED,code=yes build=yes ast=- verified=yes,,
24,add-log-parameter-constant-time-compare,terminated,212.9k,2.0k,'-,22s,0,0,11,8,2,1,yes,checked,no,FAILED,code=yes build=no ast=- verified=no,test_failed,
25,add-log-parameter-get-resolver,terminated,571.2k,14.0k,'-,1m50s,0,0,24,28,28,11,yes,checked,no,FAILED,code=yes build=no ast=- verified=no,test_failed,
26,add-log-parameter-resolve-error-handler,terminated,129.9k,1.7k,'-,18s,0,0,8,'-,'-,'-,yes,checked,no,TIMEOUT,code=no build=no ast=- verified=no,test_failed,
27,add-none-handling-duration-string,terminated,139.4k,1.3k,'-,17s,0,0,7,5,'-,2,yes,checked,no,FAILED,code=yes build=no ast=- verified=no,test_failed,
28,combine-utils-dates-dateformat,terminated,13.8k,'-,'-,6s,0,0,0,'-,'-,'-,yes,checked,no,TIMEOUT,code=no build=no ast=- verified=no,test_failed,
29,combine-utils-hashable-itercompat,terminated,308.6k,5.1k,'-,44s,0,0,15,48,'-,1,yes,checked,no,PASSED,code=yes build=yes ast=- verified=yes,,
30,new-converter-to-python-class,terminated,573.2k,6.2k,'-,1m09s,0,0,21,107,54,3,yes,checked,no,PASSED,code=yes build=yes ast=- verified=yes,,
31,new-path-traversal-exception,terminated,196.2k,1.8k,'-,25s,0,0,10,6,'-,1,yes,checked,no,FAILED,code=yes build=no ast=- verified=no,test_failed,
32,new-reference-context-field-class,terminated,1.7M,40.3k,'-,4m37s,0,0,43,31,29,3,yes,checked,no,PASSED,code=yes build=yes ast=- verified=yes,,
33,new-reference-context-graph-class,terminated,15.0k,105,'-,2s,0,0,1,'-,'-,'-,yes,checked,no,TIMEOUT,code=no build=no ast=- verified=no,test_failed,
34,new-timezone-class,terminated,719.1k,9.0k,'-,1m22s,0,0,26,'-,'-,'-,yes,checked,no,FAILED,code=yes build=no ast=- verified=no,test_failed,
35,new-utils-adapt-method-mode,terminated,451.6k,4.4k,'-,48s,0,0,20,44,37,2,yes,checked,no,PASSED,code=yes build=yes ast=- verified=yes,,
36,new-utils-check-response,terminated,358.1k,4.9k,'-,42s,0,0,17,35,31,2,yes,checked,no,PASSED,code=yes build=yes ast=- verified=yes,,
37,new-utils-path-from-module,terminated,340.7k,3.7k,'-,39s,0,0,17,36,30,2,yes,checked,no,FAILED,code=yes build=no ast=- verified=no,test_failed,
38,remove-core-cache-utils,terminated,1.3M,12.0k,'-,2m16s,0,0,51,51,26,3,yes,checked,no,FAILED,code=yes build=no ast=- verified=no,test_failed,
39,remove-db-models-constants,terminated,555.2k,9.2k,'-,1m12s,0,0,23,32,21,21,yes,checked,no,FAILED,code=yes build=no ast=- verified=no,test_failed,
40,rename-file-move-safe,terminated,1.0M,6.8k,'-,1m29s,0,0,37,18,18,5,yes,checked,no,PASSED,code=yes build=yes ast=- verified=yes,,
41,split-parse-apps-and-model-labels,terminated,181.3k,2.3k,'-,28s,0,0,10,23,20,1,yes,checked,no,FAILED,code=yes build=no ast=- verified=no,test_failed,
42,add-log-parameter-generate-option-id-for-path,terminated,140.9k,1.3k,'-,19s,0,0,9,'-,'-,'-,yes,checked,no,TIMEOUT,code=no build=no ast=- verified=no,test_failed,
43,exception-handlers-to-handlers,terminated,412.3k,7.1k,'-,58s,0,0,18,8,8,8,yes,checked,no,PASSED,code=yes build=yes ast=- verified=yes,,
44,get-auth-scheme-param,terminated,225.8k,3.1k,'-,30s,0,0,12,3,3,3,yes,checked,no,PASSED,code=yes build=yes ast=- verified=yes,,
45,openapi-get-utils,terminated,108.0k,759,'-,13s,0,0,7,'-,'-,'-,yes,checked,no,TIMEOUT,code=no build=no ast=- verified=no,test_failed,
46,params-to-param,terminated,726.0k,14.5k,'-,2m06s,0,0,28,'-,'-,'-,yes,checked,no,PASSED,code=yes build=yes ast=- verified=yes,,
47,value-is-a-sequence,terminated,279.2k,6.2k,'-,54s,0,0,18,3,3,2,yes,checked,no,PASSED,code=no build=yes ast=- verified=yes,,
48,add-log-parameter-get-debug-flag,terminated,1.3M,11.4k,'-,1m57s,0,0,40,14,6,4,yes,checked,no,FAILED,code=yes build=no ast=- verified=no,test_failed,
49,add-log-parameter-get-flashed-messages,terminated,232.6k,3.2k,'-,30s,0,0,11,6,1,1,yes,checked,no,FAILED,code=yes build=no ast=- verified=no,test_failed,
50,debughelpers-to-helpers.py,terminated,232.6k,3.2k,'-,30s,0,0,11,6,1,1,yes,checked,no,TIMEOUT,code=no build=no ast=- verified=no,test_failed,
51,rename-send-from-directory,terminated,543.7k,8.3k,'-,1m16s,0,0,27,8,8,5,yes,checked,no,FAILED,code=yes build=no ast=- verified=no,test_failed,
52,render-template-str,terminated,516.7k,6.1k,'-,1m00s,0,0,22,31,4,5,yes,checked,no,FAILED,code=yes build=no ast=- verified=no,test_failed,
53,stream-template-str,terminated,211.1k,3.2k,'-,30s,0,0,12,4,4,2,yes,checked,no,FAILED,code=yes build=no ast=- verified=no,test_failed,
54,add-log-parameter-get-encoding-from-headers,terminated,974.9k,12.5k,'-,2m03s,0,0,39,19,4,1,yes,checked,no,FAILED,code=yes build=no ast=- verified=no,test_failed,
55,add-log-parameter-resolve-proxies,terminated,599.8k,5.0k,'-,1m03s,0,0,29,4,3,2,yes,checked,no,PASSED,code=yes build=yes ast=- verified=yes,,
56,add-log-parameter-select-proxy,terminated,374.4k,4.9k,'-,48s,0,0,18,14,5,2,yes,checked,no,FAILED,code=yes build=no ast=- verified=no,test_failed,
57,combine-from-key-to-key,terminated,713.7k,10.0k,'-,1m33s,0,0,29,3,8,1,yes,checked,no,FAILED,code=yes build=no ast=- verified=no,test_failed,
58,combine-internal-utils-utils,terminated,359.8k,6.8k,'-,58s,0,0,18,49,11,6,yes,checked,no,PASSED,code=yes build=yes ast=- verified=yes,,
59,move-hooks-sessions,terminated,512.3k,8.3k,'-,1m14s,0,0,25,40,7,4,yes,checked,no,FAILED,code=yes build=no ast=- verified=no,test_failed,
60,new-cookie-utils-class,terminated,970.7k,16.3k,'-,2m27s,0,0,32,192,158,1,yes,checked,no,FAILED,code=yes build=no ast=- verified=no,test_failed,
61,rename-lookup-dict-dict-lookup,terminated,126.7k,1.5k,'-,17s,0,0,7,7,7,3,yes,checked,no,PASSED,code=yes build=yes ast=- verified=yes,,
62,rename-super-len-complex-len,terminated,312.2k,4.1k,'-,41s,0,0,17,4,4,2,yes,checked,no,PASSED,code=yes build=yes ast=- verified=yes,,
63,split-warnings-exceptions,terminated,574.0k,19.9k,'-,2m30s,0,0,23,34,22,4,yes,checked,no,PASSED,code=yes build=yes ast=- verified=yes,,
64,add-log-parameter-delete-directory,terminated,223.6k,5.6k,'-,46s,0,0,11,4,2,2,yes,checked,no,PASSED,code=yes build=yes ast=- verified=yes,,
65,add-log-parameter-get-capability-definitions,terminated,444.5k,5.5k,'-,56s,0,0,23,17,11,2,yes,checked,no,FAILED,code=yes build=no ast=- verified=no,test_failed,
66,add-log-parameter-recursive-diff,terminated,1.6M,16.7k,'-,2m23s,0,0,48,37,17,2,yes,checked,no,FAILED,code=yes build=no ast=- verified=no,test_failed,
67,cant-create,terminated,203.4k,1.8k,'-,23s,0,0,12,4,4,3,yes,checked,no,PASSED,code=yes build=yes ast=- verified=yes,,
68,channel-to-transport,terminated,522.9k,5.9k,'-,1m04s,0,0,28,3,3,2,yes,checked,no,PASSED,code=yes build=yes ast=- verified=yes,,
69,ex-pillar-fail,terminated,376.0k,3.7k,'-,38s,0,0,18,1,1,1,yes,checked,no,PASSED,code=yes build=yes ast=- verified=yes,,
70,ex-state-fail,terminated,317.2k,3.1k,'-,40s,0,0,19,2,2,2,yes,checked,no,PASSED,code=no build=yes ast=- verified=yes,,
71,exactly-n-boto-mod,terminated,1.4M,44.9k,'-,6m54s,0,0,33,96,139,2,yes,checked,no,FAILED,code=yes build=no ast=- verified=no,test_failed,
72,get-unavail,terminated,163.2k,1.7k,'-,20s,0,0,10,4,4,4,yes,checked,no,PASSED,code=yes build=yes ast=- verified=yes,,
73,iam-to-aws,terminated,433.0k,6.5k,'-,54s,0,0,15,41,46,2,yes,checked,no,PASSED,code=yes build=yes ast=- verified=yes,,
74,mksls-to-specific,terminated,351.8k,5.6k,'-,50s,0,0,18,3,3,3,yes,checked,no,FAILED,code=yes build=no ast=- verified=no,test_failed,
75,namecheap-xmlutil,terminated,479.0k,6.8k,'-,1m13s,0,0,20,99,74,3,yes,checked,no,PASSED,code=yes build=yes ast=- verified=yes,,
76,paged-call-boto-mod,terminated,220.6k,1.8k,'-,23s,0,0,10,1,15,1,yes,checked,no,FAILED,code=yes build=no ast=- verified=no,test_failed,
77,pem-fingerprint,terminated,347.1k,5.0k,'-,44s,0,0,15,11,11,6,yes,checked,no,PASSED,code=yes build=yes ast=- verified=yes,,
78,perm-denied,terminated,165.2k,2.3k,'-,28s,0,0,10,2,2,2,yes,checked,no,FAILED,code=yes build=no ast=- verified=no,test_failed,
79,add-log-parameter-disconnect-all,terminated,206.6k,2.1k,'-,24s,0,0,12,3,1,1,yes,checked,no,FAILED,code=yes build=no ast=- verified=no,test_failed,
80,add-log-parameter-job-dir,terminated,262.5k,4.0k,'-,40s,0,0,12,9,4,4,yes,checked,no,FAILED,code=yes build=no ast=- verified=no,test_failed,
81,add-log-parameter-xmliter,terminated,676.8k,23.1k,'-,2m51s,0,0,26,29,22,2,yes,checked,no,PASSED,code=yes build=yes ast=- verified=yes,,
82,genspider-functions-to-utils-url,terminated,254.7k,7.4k,'-,57s,0,0,12,19,23,2,yes,checked,no,FAILED,code=yes build=no ast=- verified=no,test_failed,
83,new-downloadermiddlewares-utils,terminated,288.9k,4.3k,'-,38s,0,0,15,28,20,2,yes,checked,no,FAILED,code=yes build=no ast=- verified=no,test_failed,
84,new-spider-utils-in-spiders,terminated,1.3M,14.2k,'-,2m23s,0,0,50,61,37,3,yes,checked,no,FAILED,code=no build=no ast=- verified=no,test_failed,
85,new-verify-reactor-class,terminated,565.2k,11.9k,'-,1m36s,0,0,20,'-,'-,'-,yes,checked,no,TIMEOUT,code=no build=no ast=- verified=no,test_failed,
86,not-supported-exception-to-unsupported,terminated,819.5k,11.0k,'-,1m43s,0,0,38,25,21,6,yes,checked,no,PASSED,code=yes build=yes ast=- verified=yes,,
87,parameterize-gunzip,terminated,394.6k,9.4k,'-,1m23s,0,0,18,22,8,3,yes,checked,no,FAILED,code=yes build=no ast=- verified=no,test_failed,
88,rename-description-commands,terminated,795.5k,9.5k,'-,1m19s,0,0,26,27,27,17,yes,checked,no,PASSED,code=yes build=yes ast=- verified=yes,,
89,rename-engine-status,terminated,199.0k,4.4k,'-,36s,0,0,11,17,17,7,yes,checked,no,PASSED,code=yes build=yes ast=- verified=yes,,
90,rename-processtest-testproc,terminated,524.6k,6.6k,'-,1m03s,0,0,21,14,14,5,yes,checked,no,PASSED,code=yes build=yes ast=- verified=yes,,
91,sitemap-url-to-url,terminated,469.8k,4.4k,'-,52s,0,0,20,18,17,4,yes,checked,no,PASSED,code=yes build=yes ast=- verified=yes,,
92,global-objects,terminated,718.2k,10.1k,'-,1m34s,0,0,29,62,29,4,yes,checked,no,FAILED,code=yes build=no ast=- verified=no,test_failed,
93,log-utils,terminated,309.4k,12.8k,'-,1m20s,0,0,13,354,307,2,yes,checked,no,FAILED,code=yes build=no ast=- verified=no,test_failed,
94,option-parser-with-pretty-print,terminated,728.7k,12.7k,'-,1m53s,0,0,26,56,37,2,yes,checked,no,FAILED,code=yes build=no ast=- verified=no,test_failed,
95,options-utils,terminated,2.8M,28.4k,'-,5m32s,0,0,59,49,49,26,yes,checked,no,PASSED,code=yes build=yes ast=- verified=yes,,
96,remove-locale-data,terminated,546.5k,7.1k,'-,1m17s,0,0,24,1,11,2,yes,checked,no,FAILED,code=yes build=no ast=- verified=no,test_failed,
97,rename-http1connection,terminated,357.8k,5.2k,'-,49s,0,0,19,13,13,6,yes,checked,no,PASSED,code=yes build=yes ast=- verified=yes,,
98,rename-to-camel-case,terminated,447.9k,5.9k,'-,58s,0,0,22,10,10,4,yes,checked,no,PASSED,code=yes build=yes ast=- verified=yes,,
99,resolvers-as-separate,terminated,824.8k,15.9k,'-,2m30s,0,0,23,304,270,3,yes,checked,no,FAILED,code=yes build=no ast=- verified=no,test_failed,
100,tcpclient-connect-params,terminated,561.5k,7.3k,'-,1m18s,0,0,20,48,11,1,yes,checked,no,FAILED,code=yes build=no ast=- verified=no,test_failed,
TOT,,,47.8M,711.6k,'-,1.8h,0,0,,,,,,,,,,,

Summary,
Total runs,100
Passed,44
Failed,42
Timed out,14
Success rate,44%
