task_id,passed,duration_seconds,rag_tool_count
add-log-parameter-get-group-vars,True,33,
add-log-parameter-is-systemd-managed,True,43,
combine-namespace-compat,False,65.43,4
data-to-inventory-data,True,30,
move-quoting-splitter,True,76,
new-inventory-patterns,True,86,
new-utils-class-connection,True,115,
new-utils-from-basic,False,126.89,3
parse_key_value,True,53,
rename-lenient-lowercase,True,40,
sort-groups-to-group-sort,True,29,
add-log-parameter-get-digest-algorithm,True,21,
add-log-parameter-node-format,True,29,
annotation-utils,False,40.83,3
autoretry-to-retry,True,63,
combine-unpickle-task,True,44.77,3
dump-message-to-serialization,True,46,
ensure_serialize,True,37,
evaluate-promises-to-serialization,True,67,
expand-router-string-to-utils,True,50.9,3
object-mro-lookup,True,23,
rename-host-format,True,42,
truncate-text,True,37,
add-log-parameter-constant-time-compare,True,91.85,3
add-log-parameter-get-resolver,False,95.85,3
add-log-parameter-resolve-error-handler,False,56.65,3
add-none-handling-duration-string,False,32.97,3
combine-utils-dates-dateformat,True,140.45,3
combine-utils-hashable-itercompat,True,44,
new-converter-to-python-class,True,77,
new-path-traversal-exception,False,67.4,3
new-reference-context-field-class,True,245,
new-reference-context-graph-class,True,111,
new-timezone-class,True,96,
new-utils-adapt-method-mode,True,44,
new-utils-check-response,True,94,
new-utils-path-from-module,True,38,
remove-core-cache-utils,True,34,
remove-db-models-constants,True,86,
rename-file-move-safe,True,34,
split-parse-apps-and-model-labels,True,55,
add-log-parameter-generate-option-id-for-path,True,33,
exception-handlers-to-handlers,True,52,
get-auth-scheme-param,True,42,
openapi-get-utils,True,48,
params-to-param,True,87.67,4
value-is-a-sequence,True,23,
add-log-parameter-get-debug-flag,True,50.86,3
add-log-parameter-get-flashed-messages,True,57,
debughelpers-to-helpers.py,False,19.95,0
rename-send-from-directory,True,36.71,3
render-template-str,True,41.15,3
stream-template-str,True,35,
add-log-parameter-get-encoding-from-headers,True,38,
add-log-parameter-resolve-proxies,True,34,
add-log-parameter-select-proxy,True,23,
combine-from-key-to-key,True,75,
combine-internal-utils-utils,True,59.15,3
move-hooks-sessions,False,332.6,3
new-cookie-utils-class,True,75,
rename-lookup-dict-dict-lookup,True,29,
rename-super-len-complex-len,True,37,
split-warnings-exceptions,True,48,
add-log-parameter-delete-directory,True,33,
add-log-parameter-get-capability-definitions,True,27,
add-log-parameter-recursive-diff,True,111,
cant-create,True,25,
channel-to-transport,True,66,
ex-pillar-fail,True,27,
ex-state-fail,True,40.45,3
exactly-n-boto-mod,False,44.72,3
get-unavail,True,31,
iam-to-aws,True,92,
mksls-to-specific,True,37,
namecheap-xmlutil,True,52,
paged-call-boto-mod,False,67.29,3
pem-fingerprint,True,100,
perm-denied,True,27,
add-log-parameter-disconnect-all,True,25,
add-log-parameter-job-dir,True,43.19,3
add-log-parameter-xmliter,True,209.67,3
genspider-functions-to-utils-url,True,37,
new-downloadermiddlewares-utils,True,79,
new-spider-utils-in-spiders,True,48,
new-verify-reactor-class,True,52,
not-supported-exception-to-unsupported,True,46,
parameterize-gunzip,False,73.38,3
rename-description-commands,True,92,
rename-engine-status,True,106,
rename-processtest-testproc,True,25,
sitemap-url-to-url,True,63,
global-objects,True,52.99,3
log-utils,True,106,
option-parser-with-pretty-print,False,102.28,3
options-utils,True,132.99,3
remove-locale-data,True,52,
rename-http1connection,True,77,
rename-to-camel-case,True,39,
resolvers-as-separate,False,189.96,3
tcpclient-connect-params,True,103.69,3

TOTAL,100 tasks,86 passed,14 failed
