project,task_id,type,code_extracted,compiled,ast_verified,passed,duration_seconds,timed_out,rag_tool_count
checkstyle,bfb3e5f5e416211bc95799426edba4581b442d0d_98_106_399_409_98_106,Extract And Move Method,True,True,True,True,235.87519359588623,False,9
checkstyle,bfb3e5f5e416211bc95799426edba4581b442d0d_68_76_399_409_68_76,Extract And Move Method,True,True,True,True,278.4512131214142,False,11
checkstyle,bfb3e5f5e416211bc95799426edba4581b442d0d_101_117_399_409_101_117,Extract And Move Method,True,True,False,False,290.61613750457764,False,11
checkstyle,bfb3e5f5e416211bc95799426edba4581b442d0d_82_99_399_409_82_99,Extract And Move Method,True,False,False,False,180.14847326278687,False,13
checkstyle,bfb3e5f5e416211bc95799426edba4581b442d0d_465_476_399_409_465_477,Extract And Move Method,True,False,True,False,170.11680603027344,False,11
checkstyle,bfb3e5f5e416211bc95799426edba4581b442d0d_261_273_399_409_258_271,Extract And Move Method,True,False,True,False,453.85721230506897,False,13
checkstyle,bfb3e5f5e416211bc95799426edba4581b442d0d_204_216_399_409_200_213,Extract And Move Method,True,False,True,False,149.89300417900085,False,3
checkstyle,bfb3e5f5e416211bc95799426edba4581b442d0d_237_243_399_409_237_243,Extract And Move Method,True,False,True,False,237.15472722053528,False,9
checkstyle,bfb3e5f5e416211bc95799426edba4581b442d0d_112_120_399_409_112_123,Extract And Move Method,True,False,True,False,139.72848653793335,False,7
checkstyle,bfb3e5f5e416211bc95799426edba4581b442d0d_345_352_399_409_349_360,Extract And Move Method,True,True,True,True,183.6790108680725,False,13
checkstyle,bfb3e5f5e416211bc95799426edba4581b442d0d_336_343_399_409_336_347,Extract And Move Method,True,False,False,False,117.91590619087219,False,11
checkstyle,bfb3e5f5e416211bc95799426edba4581b442d0d_110_119_399_409_110_122,Extract And Move Method,True,False,True,False,290.66703724861145,False,13
checkstyle,bfb3e5f5e416211bc95799426edba4581b442d0d_391_401_399_409_391_405,Extract And Move Method,True,False,False,False,252.50628542900085,False,11
checkstyle,bfb3e5f5e416211bc95799426edba4581b442d0d_466_494_399_409_466_494,Extract And Move Method,True,False,False,False,252.6057231426239,False,11
checkstyle,bfb3e5f5e416211bc95799426edba4581b442d0d_335_358_399_409_335_358,Extract And Move Method,True,False,False,False,117.64609241485596,False,15
checkstyle,bfb3e5f5e416211bc95799426edba4581b442d0d_232_240_399_409_232_243,Extract And Move Method,True,False,False,False,167.32074165344238,False,13
checkstyle,bfb3e5f5e416211bc95799426edba4581b442d0d_241_254_385_397_241_254,Extract And Move Method,True,False,True,False,187.27084827423096,False,11
checkstyle,bfb3e5f5e416211bc95799426edba4581b442d0d_197_214_385_397_197_214,Extract And Move Method,True,False,True,False,196.21579146385193,False,9
checkstyle,bfb3e5f5e416211bc95799426edba4581b442d0d_178_195_385_397_178_195,Extract And Move Method,True,False,False,False,118.2991271018982,False,7
checkstyle,bfb3e5f5e416211bc95799426edba4581b442d0d_431_448_385_397_431_448,Extract And Move Method,True,False,True,False,262.4293923377991,False,13
checkstyle,cd8ef61ea62f3155040501fd21e20b37dfc8cd26_95_130_108_146_87_98,Extract And Move Method,True,False,True,False,313.56937623023987,False,13
checkstyle,664227cd5bf9c649847461d8055a7ee573f483e5_99_155_876_886_99_153,Extract And Move Method,False,False,False,False,15.76574420928955,False,13
checkstyle,1a6443b724a3539b000bcaa2ed9f8016b6bb4f38_483_559_135_143_543_618,Extract And Move Method,False,False,False,False,15.007610082626343,False,13
checkstyle,1a6443b724a3539b000bcaa2ed9f8016b6bb4f38_455_481_135_143_516_541,Extract And Move Method,False,False,False,False,16.218145608901978,False,13
checkstyle,1a6443b724a3539b000bcaa2ed9f8016b6bb4f38_412_453_135_143_474_514,Extract And Move Method,False,False,False,False,15.083303928375244,False,13
checkstyle,1a6443b724a3539b000bcaa2ed9f8016b6bb4f38_54_77_135_143_54_76,Extract And Move Method,False,False,False,False,14.85125470161438,False,13
checkstyle,e2c6e148a92e01b3c6037b33440ee7006f742793_373_383__372_388_79_87,Move And Inline Method,False,False,False,False,16.252270460128784,True,13
commons-io,7566f557c2fa172d7677fcde06514e8a68356f81_189_209_101_108_189_202,Extract And Move Method,False,False,False,False,10.864742279052734,False,13
commons-io,a8ee7b9defba5ed7c83c1fa06b4020930ea5f00e_185_196_870_883_186_196,Extract And Move Method,False,False,False,False,10.638280153274536,False,13
commons-io,b3ce147431dbad1bbd2e91d527560d7d4a1b9def_83_105_3315_3324_85_103,Extract And Move Method,False,False,False,False,12.412035942077637,False,11
commons-io,8a786abb5e2cc04568517f1f8c053578c3e313a6_40_44_54_63_40_44,Extract And Move Method,False,False,False,False,10.395246267318726,False,9
commons-io,8a786abb5e2cc04568517f1f8c053578c3e313a6_40_50_57_67_40_50,Extract And Move Method,False,False,False,False,13.017858505249023,False,9
commons-io,8a786abb5e2cc04568517f1f8c053578c3e313a6_42_53_57_67_42_53,Extract And Move Method,False,False,False,False,10.422276973724365,False,9
commons-io,0d84f279d6dd6486b581acf2ea2ad212530e16fc_126_145_120_126_126_141,Extract And Move Method,False,False,False,False,11.925775527954102,False,13
commons-lang,479532b83db2d7b228e4128f2db02233f91e6e91_7804_7836_1414_1448_7804_7830,Extract And Move Method,False,False,False,False,11.635122776031494,False,13
commons-lang,cdddb82e12ef7b2cc770125e930bde040b032213_5872_5905_1044_1086_5871_5906,Extract And Move Method,False,False,False,False,12.16978669166565,False,13
commons-lang,cdddb82e12ef7b2cc770125e930bde040b032213_5681_5709_1044_1086_5681_5708,Extract And Move Method,False,False,False,False,12.024658679962158,False,13
commons-lang,e4c03c5e38b3e2550da7a1f9084d93dad32386ef_1694_1725_600_634_1694_1719,Extract And Move Method,False,False,False,False,11.589354276657104,False,13
guava,a9c3d3ac68223c83a98022eb88bbcf0f14a66863_631_646__632_647,Move Method,False,False,False,False,16.511844158172607,False,13
guava,a9c3d3ac68223c83a98022eb88bbcf0f14a66863_572_597__573_598,Move Method,False,False,False,False,14.763492584228516,False,13
guava,a9c3d3ac68223c83a98022eb88bbcf0f14a66863_542_570__543_571,Move Method,False,False,False,False,14.999564170837402,False,13
guava,b03067f2c78b2352cba8f5136c9aa0be667068a5_116_127__206_217,Move Method,False,False,False,False,15.944344282150269,False,13
guava,b03067f2c78b2352cba8f5136c9aa0be667068a5_108_114__198_204,Move Method,False,False,False,False,16.12801766395569,False,13
guava,b007d6db4ab71c5fc94623cac6eb8a90e227ff3a_607_637_28_30_608_637,Extract And Move Method,False,False,False,False,15.944295644760132,False,13
guava,ee9ac70a9296645b3f883773eb950961bb12f0d0_586_596_60_62_588_598,Extract And Move Method,False,False,False,False,16.10498857498169,False,13
guava,ee9ac70a9296645b3f883773eb950961bb12f0d0_568_584_56_58_570_586,Extract And Move Method,False,False,False,False,16.556169986724854,False,13
hibernate-orm,96cba56591e3e8c6dabaf35d954bd5911b1471ae_123_224_87_97_128_191,Extract And Move Method,False,False,False,False,44.708523988723755,False,13
hibernate-orm,2f7052c0ce5114e492c7dc4e4b8abd5283b2fe13_43_121_50_53_40_94,Extract And Move Method,False,False,False,False,29.891183614730835,False,13
hibernate-orm,5dcbdf64f11dfdcf25fd5a4a571f978b5ade2a8e_353_385_638_661_335_353,Extract And Move Method,False,False,False,False,32.487462282180786,False,13
hibernate-orm,72e2da2da84fae761f14ceeb822bd3e946690c78_820_877__895_952_231_234,Move And Inline Method,False,False,False,False,28.67290186882019,True,13
hibernate-orm,ba05533a036e73ac119169392b0da49273dc2e5b_330_336_23_28_350_356,Extract And Move Method,False,False,False,False,28.559359073638916,False,13
hibernate-orm,26e73937756de5781043f120905b71abe9398e5e_27_49_461_463_27_49,Extract And Move Method,False,False,False,False,26.683382034301758,False,13
hibernate-orm,26e73937756de5781043f120905b71abe9398e5e_66_91_461_463_66_91,Extract And Move Method,False,False,False,False,26.85160732269287,False,13
hibernate-orm,26e73937756de5781043f120905b71abe9398e5e_38_64_461_463_38_64,Extract And Move Method,False,False,False,False,26.493963956832886,False,13
hibernate-orm,26e73937756de5781043f120905b71abe9398e5e_34_59_461_463_34_59,Extract And Move Method,False,False,False,False,26.70784592628479,False,13
hibernate-orm,c04caa18de3c5ff81c17ebb151430b9cf18b6284_109_126_92_95_102_119,Extract And Move Method,False,False,False,False,26.333209991455078,False,13
hibernate-search,f50cbfc772b75e7d7a983359b9baca383bc6ae9f_67_70__86_89,Move Method,False,False,False,False,18.99712038040161,False,13
hibernate-search,b67c74bdf7a5a1a8102fb0b0179bdc0774366c29_184_230__184_230_17_24,Move And Inline Method,False,False,False,False,16.292293548583984,True,13
hibernate-search,b67c74bdf7a5a1a8102fb0b0179bdc0774366c29_198_246__198_246_17_24,Move And Inline Method,False,False,False,False,16.654263496398926,True,13
hibernate-search,b67c74bdf7a5a1a8102fb0b0179bdc0774366c29_117_140__117_140_17_24,Move And Inline Method,False,False,False,False,16.286063194274902,True,13
hibernate-search,b67c74bdf7a5a1a8102fb0b0179bdc0774366c29_114_152__114_152_17_24,Move And Inline Method,False,False,False,False,16.35783314704895,True,13
hibernate-search,ea4e402fd1d991e8c01ae3918047796dd2f3ab8b_48_51__103_108,Move And Rename Method,False,False,False,False,16.385419368743896,False,13
hibernate-search,0b4c69d582f4c29554d78da38daebbc49d9d40da_144_165_75_79_142_162,Extract And Move Method,False,False,False,False,17.649107217788696,False,13
hibernate-search,c1738e3fcb5ac2ded491a9ff1b9aa65e941be327_22_34__29_40,Move And Rename Method,False,False,False,False,16.24927306175232,False,13
hibernate-search,520908200e1e83c994b39a93131741bc114ee85d_321_385_23_32_320_384,Extract And Move Method,False,False,False,False,16.289387226104736,False,13
hibernate-search,b369ab192fd1c80ab666c63e65224bf90f658292_132_142_214_224_132_139,Extract And Move Method,False,False,False,False,16.229276657104492,False,13
hibernate-search,314cff098d6147b783fa091ce3ebcc54a87522aa_92_94__90_92,Move Method,False,False,False,False,16.837255239486694,False,13
hibernate-search,314cff098d6147b783fa091ce3ebcc54a87522aa_90_95__83_88,Move And Rename Method,False,False,False,False,16.226939916610718,False,13
hibernate-search,6b65d5b3d028b6cf672822b29edb9610db6adca4_67_70__103_163_228_230,Move And Inline Method,False,False,False,False,16.085504293441772,True,13
hibernate-search,05c12b8fd2eb002ad9246efd04d8fa27c9379a4b_23_29_46_53_19_21,Extract And Move Method,False,False,False,False,16.016496181488037,False,13
hibernate-search,0c6c0d87a14968fd7a417b4943835c7dfadeed0f_78_111__118_152_76_78,Move And Inline Method,False,False,False,False,16.292465686798096,True,13
hibernate-search,14e6370a9ab5e7fca20e508f6413bd11ed242cde_35_43__215_222,Move And Rename Method,False,False,False,False,16.309190273284912,False,13
hibernate-search,60720a3723b836213b0e663b71fcbdbb3ce58d36_79_98__325_344,Move And Rename Method,False,False,False,False,16.50724697113037,False,13
hibernate-search,daaa9ff20cae0f7751636f16bcaf0cf2512c16a4_167_236_16_21_167_236,Extract And Move Method,False,False,False,False,17.015496253967285,False,13
hibernate-search,f6398f46e661b12bb5cd7d429c52bd84f5830f79_86_133_316_337_158_177,Extract And Move Method,False,False,False,False,17.609877347946167,False,13
hibernate-search,be929dfca72583e5cef800af2f97727e75184a76_53_128_91_96_53_123,Extract And Move Method,False,False,False,False,16.570032119750977,False,13
hibernate-search,4c0595551f48dcca939fc3f7d3ea5bcf86dcbe7d_263_274__57_68,Move And Rename Method,False,False,False,False,16.393141269683838,False,13
hibernate-search,6b55b85d003d11848939dbdf2640fcb479397186_73_88__93_108,Move And Rename Method,False,False,False,False,16.444996118545532,False,13
hibernate-search,64d26592b1ac48943690f7690355d44821591f36_179_185__186_195_57_60,Move And Inline Method,False,False,False,False,16.729013681411743,True,13
hibernate-search,4809368dec30478582c165d2c01aa254f8bf06ab_116_140_84_96_122_133,Extract And Move Method,False,False,False,False,16.650633573532104,False,13
hibernate-search,f307576b2d1a89c3814067a2b6b62df1d8cd45fb_143_182_80_86_143_182,Extract And Move Method,False,False,False,False,16.538296461105347,False,13
hibernate-search,3ba4b03373611f27e258496ad8376ea8dc123642_134_148_201_204_122_129,Extract And Move Method,False,False,False,False,16.340618133544922,False,13
hibernate-search,3ba4b03373611f27e258496ad8376ea8dc123642_51_95_281_284_52_83,Extract And Move Method,False,False,False,False,17.036160945892334,False,13
javaparser,b08e66263903837d53a688b5d12a758c8cdf167e_87_129_53_55_87_129,Extract And Move Method,False,False,False,False,14.938191652297974,False,13
javaparser,2903fc918dd87be53192aa1065047392f7adf4d1_76_98__79_110_156_161,Move And Inline Method,False,False,False,False,12.55351448059082,True,13
javaparser,034b17a06497b52eb066eaf1ece5f086305ec840_72_76_133_135_73_77,Extract And Move Method,False,False,False,False,11.667749643325806,False,13
javaparser,ead1412d06bf2ba7eaec982231023aef4aed370a_88_91__77_80_66_68,Move And Inline Method,False,False,False,False,11.180373191833496,True,13
javaparser,c378a677ebcd999d853b3e5867ac7ca7cd8e73cb_359_371_187_198_357_360,Extract And Move Method,False,False,False,False,13.236295461654663,False,13
javaparser,2b503c32229deae7d432f59dab710839ecf76c4c_203_211_25_27_203_211,Extract And Move Method,False,False,False,False,16.496595859527588,False,13
javaparser,78d0ea5d493f0ab2e83bb70d7023b670bfa2f7b6_32_49_120_123_29_34,Extract And Move Method,False,False,False,False,12.463474988937378,False,13
javaparser,86f41353d40bfd3ef0669b863926626b6c4949bf_622_653_132_135_616_629,Extract And Move Method,False,False,False,False,12.465809345245361,False,13
junit5,50b28568a20c85473460504f484ac84b0308dc5d_61_93_569_574_61_78,Extract And Move Method,False,False,False,False,14.325862169265747,False,13
junit5,50b28568a20c85473460504f484ac84b0308dc5d_562_568_588_590_550_556,Extract And Move Method,False,False,False,False,12.817497968673706,False,13
junit5,50b28568a20c85473460504f484ac84b0308dc5d_554_560_584_586_542_548,Extract And Move Method,False,False,False,False,16.599733591079712,False,13
junit5,50b28568a20c85473460504f484ac84b0308dc5d_546_552_580_582_534_540,Extract And Move Method,False,False,False,False,12.65599012374878,False,13
junit5,50b28568a20c85473460504f484ac84b0308dc5d_538_544_576_578_526_532,Extract And Move Method,False,False,False,False,12.562138557434082,False,13
junit5,50b28568a20c85473460504f484ac84b0308dc5d_524_529_588_590_515_520,Extract And Move Method,False,False,False,False,16.375926971435547,False,13
junit5,50b28568a20c85473460504f484ac84b0308dc5d_517_522_584_586_508_513,Extract And Move Method,False,False,False,False,12.697427749633789,False,13
junit5,50b28568a20c85473460504f484ac84b0308dc5d_406_412_584_586_406_412,Extract And Move Method,False,False,False,False,13.284929037094116,False,13
junit5,50b28568a20c85473460504f484ac84b0308dc5d_398_404_580_582_398_404,Extract And Move Method,False,False,False,False,16.830832481384277,False,13
junit5,50b28568a20c85473460504f484ac84b0308dc5d_390_396_576_578_390_396,Extract And Move Method,False,False,False,False,16.69284439086914,False,13
junit5,2a777a84cfdc9ccb79aa906cde80e0f44977d3a7_75_80__81_86,Move And Rename Method,False,False,False,False,16.520663261413574,False,13
junit5,50b28568a20c85473460504f484ac84b0308dc5d_510_515_580_582_501_506,Extract And Move Method,False,False,False,False,12.85017991065979,False,13
junit5,50b28568a20c85473460504f484ac84b0308dc5d_503_508_576_578_494_499,Extract And Move Method,False,False,False,False,12.676854848861694,False,13
junit5,50b28568a20c85473460504f484ac84b0308dc5d_488_494_588_590_482_488,Extract And Move Method,False,False,False,False,16.639874696731567,False,13
junit5,50b28568a20c85473460504f484ac84b0308dc5d_480_486_584_586_474_480,Extract And Move Method,False,False,False,False,16.873126745224,False,13
junit5,50b28568a20c85473460504f484ac84b0308dc5d_472_478_580_582_466_472,Extract And Move Method,False,False,False,False,16.55659532546997,False,13
junit5,50b28568a20c85473460504f484ac84b0308dc5d_443_448_584_586_440_445,Extract And Move Method,False,False,False,False,12.790882349014282,False,13
junit5,50b28568a20c85473460504f484ac84b0308dc5d_436_441_580_582_433_438,Extract And Move Method,False,False,False,False,12.798768281936646,False,13
junit5,9f6ad01b6d4753a0cb8f6c366371b277d49d035b_97_110__36_49,Move Method,False,False,False,False,16.675200700759888,False,13
pmd,994b8402d59773888977d768d395526acfe5cf16_30_33_63_66_46_49,Extract And Move Method,False,False,False,False,23.818620681762695,False,13
pmd,e4f5d027b2d86f675208d8da53d0bb4b6365ad20_167_190_56_63_167_190,Extract And Move Method,False,False,False,False,1281.5009665489197,False,13
pmd,868883819020b0780313358e00f6132b3e8dc73f_215_224__207_216,Move And Rename Method,False,False,False,False,2044.964735031128,False,13
pmd,91d0ebf4620b9cda44ce6f02232fe8a003d82efd_187_194_20_22_175_180,Extract And Move Method,False,False,False,False,14.445483684539795,False,13
pmd,97c08a37ab6e5f0dc0bc2c38d865207b69b7eb2d_14_20_26_28_14_20,Extract And Move Method,False,False,False,False,16.88886022567749,False,13
pmd,da03fafabb2146ca3b2cd3f61484754490dfc9fb_144_160_71_106_142_144,Extract And Move Method,False,False,False,False,16.914523363113403,False,13
pmd,a733da4dcfa19b80f21480040aaf701e72e51bb5_103_107__114_118_28_30,Move And Inline Method,False,False,False,False,16.105576276779175,True,13
pmd,0276320abf2c66cae14d2ad24e2b2fb0386943b3_63_98__61_95_45_47,Move And Inline Method,False,False,False,False,16.141554355621338,True,13
pmd,05870c98cc05805d6272d12f5080afad3a14e2b6_77_80_101_111_77_80,Extract And Move Method,False,False,False,False,13.971852540969849,False,13
pmd,05870c98cc05805d6272d12f5080afad3a14e2b6_60_76_101_111_60_76,Extract And Move Method,False,False,False,False,13.913328647613525,False,13
pmd,5031c83c880d11f215b2b21919ff3091c6f951bf_49_55_100_109_42_47,Extract And Move Method,False,False,False,False,18.232542276382446,False,13
pmd,00d391261d90afb005aac22dd9e1beaccb13766a_99_120_220_224_125_147,Extract And Move Method,False,False,False,False,15.678786277770996,False,13
pmd,5dc2774c0a53810717358cc850b69c6e7fe0a463_100_215_237_243_94_149,Extract And Move Method,False,False,False,False,16.009284257888794,False,13
pmd,cfbb14c91c24b1a50cf4b41cd855fd780375a14f_48_110_94_102_36_59,Extract And Move Method,False,False,False,False,17.83748507499695,False,13
pmd,cfbb14c91c24b1a50cf4b41cd855fd780375a14f_48_110_86_92_36_59,Extract And Move Method,False,False,False,False,17.32690978050232,False,13
pmd,cfbb14c91c24b1a50cf4b41cd855fd780375a14f_48_110_81_84_36_59,Extract And Move Method,False,False,False,False,17.095117330551147,False,13
pmd,214e80a5f1d68e3b42efeacab5b0fc226202ef05_442_462_100_106_441_461,Extract And Move Method,False,False,False,False,18.604995489120483,False,13
pmd,ff2f5ef93c1b3150583e9611b2a8fd8159e3aa66_51_53__160_162,Move Method,False,False,False,False,17.501586437225342,False,13
pmd,ff2f5ef93c1b3150583e9611b2a8fd8159e3aa66_48_50__156_158,Move And Rename Method,False,False,False,False,17.694061517715454,False,13
pmd,2123ab3d5d7dcfc867ada3af119c3d3e9cb6183e_31_41_140_150_23_26,Extract And Move Method,False,False,False,False,15.11937141418457,False,13
pmd,a70e70ad15995e87060380ee241e36c045d44883_33_39_43_46_29_32,Extract And Move Method,False,False,False,False,14.468219995498657,False,13
pmd,26bcbd839a79055a0ff037da3c8c54ad2bdfdead_21_27__22_28_65_75,Move And Inline Method,False,False,False,False,13.861435174942017,True,13
pmd,05870c98cc05805d6272d12f5080afad3a14e2b6_1102_1105_154_172_1102_1105,Extract And Move Method,False,False,False,False,14.681989192962646,False,13
pmd,05870c98cc05805d6272d12f5080afad3a14e2b6_16_30_101_111_16_30,Extract And Move Method,False,False,False,False,14.066876411437988,False,13
pmd,5c36ee1eba5a08732d6fc53b0a69010a279a10de_179_218_123_134_182_221,Extract And Move Method,False,False,False,False,13.181839942932129,False,13
pmd,1540ec6d9148fc14fc1673f4df1d33030d2ffcf7_43_46__44_47,Move Method,False,False,False,False,15.003077745437622,False,13
pmd,6253b696ea9b04ecf4a0c832473a178ade97f32d_25_30_26_28_25_29,Extract And Move Method,False,False,False,False,16.651506900787354,False,13
pmd,2995f156caf2b55369ef28108f0b6077e4186eb2_58_81_72_76_43_50,Extract And Move Method,False,False,False,False,13.687188386917114,False,13
shenyu,d8c7b57eed6c5ab5880cca8f49920e8b4eb30f8d_48_68_156_158_64_103,Extract And Move Method,False,False,False,False,17.960896730422974,False,13
shenyu,18b3ac1bfe19cbe26650e13d9cb1ad3ec1011a48_87_120_280_295_87_119,Extract And Move Method,False,False,False,False,14.671157598495483,False,13
shenyu,2f4ff7f4b7100db14c549f47941fff8c472d875d_157_178_418_425_181_206,Extract And Move Method,False,False,False,False,14.017824649810791,False,13
zxing,515688992bec0973288f3deb9b4538dd780c8760_103_165_98_100_103_165,Extract And Move Method,False,False,False,False,16.608197450637817,False,13
zxing,515688992bec0973288f3deb9b4538dd780c8760_96_205_98_100_96_205,Extract And Move Method,False,False,False,False,12.998528003692627,False,13
TOTAL,143 tasks,,,,,3/143 passed,,,
