#,mode,repo,task_id,status,duration_s,timed_out,tests_passed,tests_total
1,base,ansible_refactor,add-log-parameter-get-group-vars,failed,1255.77,0,3,5
2,base,ansible_refactor,add-log-parameter-is-systemd-managed,failed,405.68,0,4,5
3,base,ansible_refactor,combine-namespace-compat,failed,302.34,0,1,7
4,base,ansible_refactor,data-to-inventory-data,failed,263.89,0,3,5
5,base,ansible_refactor,move-quoting-splitter,timed_out,104.86,1,,6
6,base,ansible_refactor,new-inventory-patterns,failed,277.03,0,1,9
7,base,ansible_refactor,new-utils-class-connection,failed,1045.01,0,1,7
8,base,ansible_refactor,new-utils-from-basic,timed_out,42.89,1,,12
9,base,ansible_refactor,parse_key_value,timed_out,88.93,1,2,21
10,base,ansible_refactor,rename-lenient-lowercase,failed,159.5,0,2,4
11,base,ansible_refactor,sort-groups-to-group-sort,failed,368.39,0,,4
12,base,celery_refactor,add-log-parameter-get-digest-algorithm,success,875.25,0,5,5
13,base,celery_refactor,add-log-parameter-node-format,timed_out,196.32,1,,3
14,base,celery_refactor,annotation-utils,failed,290.59,0,5,8
15,base,celery_refactor,autoretry-to-retry,failed,81.73,0,,7
16,base,celery_refactor,combine-unpickle-task,failed,227.81,0,3,6
17,base,celery_refactor,dump-message-to-serialization,timed_out,21.07,1,,3
18,base,celery_refactor,ensure_serialize,failed,329.32,0,3,9
19,base,celery_refactor,evaluate-promises-to-serialization,timed_out,88.94,1,1,4
20,base,celery_refactor,expand-router-string-to-utils,timed_out,181.2,1,1,4
21,base,celery_refactor,object-mro-lookup,success,132.63,0,3,3
22,base,celery_refactor,rename-host-format,success,1419.51,0,7,7
23,base,celery_refactor,truncate-text,failed,354.46,0,,9
24,base,django_refactor,add-log-parameter-constant-time-compare,failed,1095.0,0,1,3
25,base,django_refactor,add-log-parameter-get-resolver,failed,536.83,0,,3
26,base,django_refactor,add-log-parameter-resolve-error-handler,timed_out,109.44,1,,2
27,base,django_refactor,add-none-handling-duration-string,failed,335.74,0,2,3
28,base,django_refactor,combine-utils-dates-dateformat,success,523.37,0,4,4
29,base,django_refactor,combine-utils-hashable-itercompat,failed,1212.22,0,,4
30,base,django_refactor,new-converter-to-python-class,failed,426.15,0,2,3
31,base,django_refactor,new-path-traversal-exception,failed,1769.24,0,2,9
32,base,django_refactor,new-reference-context-field-class,timed_out,49.17,1,,4
33,base,django_refactor,new-reference-context-graph-class,failed,356.75,0,5,9
34,base,django_refactor,new-timezone-class,failed,509.17,0,,4
35,base,django_refactor,new-utils-adapt-method-mode,failed,391.58,0,2,3
36,base,django_refactor,new-utils-check-response,failed,444.04,0,1,2
37,base,django_refactor,new-utils-path-from-module,failed,150.01,0,1,2
38,base,django_refactor,remove-core-cache-utils,failed,307.5,0,,5
39,base,django_refactor,remove-db-models-constants,failed,819.59,0,,19
40,base,django_refactor,rename-file-move-safe,timed_out,151.95,1,,6
41,base,django_refactor,split-parse-apps-and-model-labels,failed,198.0,0,1,5
42,base,fastapi_refactor,add-log-parameter-generate-option-id-for-path,success,362.68,0,5,5
43,base,fastapi_refactor,exception-handlers-to-handlers,failed,186.73,0,9,12
44,base,fastapi_refactor,get-auth-scheme-param,success,115.02,0,6,6
45,base,fastapi_refactor,openapi-get-utils,failed,539.09,0,4,9
46,base,fastapi_refactor,params-to-param,failed,617.04,0,10,22
47,base,fastapi_refactor,value-is-a-sequence,failed,272.06,0,4,5
48,base,flask_refactor,add-log-parameter-get-debug-flag,failed,244.59,0,6,7
49,base,flask_refactor,add-log-parameter-get-flashed-messages,failed,380.36,0,2,3
50,base,flask_refactor,debughelpers-to-helpers.py,timed_out,16.25,1,,5
51,base,flask_refactor,rename-send-from-directory,failed,240.69,0,1,4
52,base,flask_refactor,render-template-str,failed,171.36,0,4,10
53,base,flask_refactor,stream-template-str,failed,187.93,0,3,4
54,base,requests_refactor,add-log-parameter-get-encoding-from-headers,failed,396.69,0,2,3
55,base,requests_refactor,add-log-parameter-resolve-proxies,failed,160.22,0,1,2
56,base,requests_refactor,add-log-parameter-select-proxy,failed,195.84,0,,2
57,base,requests_refactor,combine-from-key-to-key,timed_out,108.57,1,1,5
58,base,requests_refactor,combine-internal-utils-utils,failed,1005.52,0,5,7
59,base,requests_refactor,move-hooks-sessions,timed_out,186.55,1,1,7
60,base,requests_refactor,new-cookie-utils-class,failed,179.73,0,,4
61,base,requests_refactor,rename-lookup-dict-dict-lookup,failed,177.63,0,4,7
62,base,requests_refactor,rename-super-len-complex-len,failed,374.38,0,2,3
63,base,requests_refactor,split-warnings-exceptions,failed,397.55,0,,9
64,base,salt_refactor,add-log-parameter-delete-directory,timed_out,205.63,1,2,4
65,base,salt_refactor,add-log-parameter-get-capability-definitions,timed_out,84.79,1,1,3
66,base,salt_refactor,add-log-parameter-recursive-diff,failed,494.77,0,5,6
67,base,salt_refactor,cant-create,timed_out,274.64,1,1,8
68,base,salt_refactor,channel-to-transport,failed,233.36,0,2,6
69,base,salt_refactor,ex-pillar-fail,success,705.78,0,5,5
70,base,salt_refactor,ex-state-fail,failed,201.87,0,4,6
71,base,salt_refactor,exactly-n-boto-mod,failed,78.77,0,2,4
72,base,salt_refactor,get-unavail,success,181.46,0,10,10
73,base,salt_refactor,iam-to-aws,failed,314.67,0,3,5
74,base,salt_refactor,mksls-to-specific,timed_out,31.43,1,,6
75,base,salt_refactor,namecheap-xmlutil,timed_out,25.94,1,,6
76,base,salt_refactor,paged-call-boto-mod,timed_out,103.2,1,2,4
77,base,salt_refactor,pem-fingerprint,timed_out,24.79,1,,10
78,base,salt_refactor,perm-denied,timed_out,25.98,1,1,5
79,base,scrapy_refactor,add-log-parameter-disconnect-all,timed_out,21.68,1,3,6
80,base,scrapy_refactor,add-log-parameter-job-dir,timed_out,21.57,1,,5
81,base,scrapy_refactor,add-log-parameter-xmliter,timed_out,21.64,1,2,3
82,base,scrapy_refactor,genspider-functions-to-utils-url,timed_out,51.98,1,,4
83,base,scrapy_refactor,new-downloadermiddlewares-utils,timed_out,25.66,1,,5
84,base,scrapy_refactor,new-spider-utils-in-spiders,timed_out,66.14,1,,8
85,base,scrapy_refactor,new-verify-reactor-class,timed_out,36.01,1,3,11
86,base,scrapy_refactor,not-supported-exception-to-unsupported,timed_out,27.86,1,,10
87,base,scrapy_refactor,parameterize-gunzip,timed_out,52.19,1,1,9
88,base,scrapy_refactor,rename-description-commands,timed_out,41.98,1,,7
89,base,scrapy_refactor,rename-engine-status,timed_out,29.87,1,,8
90,base,scrapy_refactor,rename-processtest-testproc,timed_out,21.57,1,,6
91,base,scrapy_refactor,sitemap-url-to-url,timed_out,23.52,1,,3
92,base,tornado_refactor,global-objects,failed,147.67,0,,
93,base,tornado_refactor,log-utils,timed_out,24.44,1,,
94,base,tornado_refactor,option-parser-with-pretty-print,timed_out,66.16,1,,
95,base,tornado_refactor,options-utils,timed_out,47.18,1,,
96,base,tornado_refactor,remove-locale-data,timed_out,21.51,1,,
97,base,tornado_refactor,rename-http1connection,timed_out,21.63,1,,
98,base,tornado_refactor,rename-to-camel-case,timed_out,33.87,1,,
99,base,tornado_refactor,resolvers-as-separate,timed_out,21.64,1,,
100,base,tornado_refactor,tcpclient-connect-params,timed_out,23.61,1,,
101,descriptive,ansible_refactor,add-log-parameter-get-group-vars,failed,145.38,0,3,5
102,descriptive,ansible_refactor,add-log-parameter-is-systemd-managed,failed,221.04,0,3,5
103,descriptive,ansible_refactor,combine-namespace-compat,timed_out,113.43,1,,7
104,descriptive,ansible_refactor,data-to-inventory-data,timed_out,251.59,1,,5
105,descriptive,ansible_refactor,move-quoting-splitter,failed,271.88,0,,6
106,descriptive,ansible_refactor,new-inventory-patterns,failed,58.78,0,1,9
107,descriptive,ansible_refactor,new-utils-class-connection,failed,123.56,0,,7
108,descriptive,ansible_refactor,new-utils-from-basic,failed,348.72,0,,12
109,descriptive,ansible_refactor,parse_key_value,failed,487.79,0,2,21
110,descriptive,ansible_refactor,rename-lenient-lowercase,failed,112.56,0,,4
111,descriptive,ansible_refactor,sort-groups-to-group-sort,failed,81.08,0,2,4
112,descriptive,celery_refactor,add-log-parameter-get-digest-algorithm,failed,173.99,0,2,5
113,descriptive,celery_refactor,add-log-parameter-node-format,failed,1189.9,0,,3
114,descriptive,celery_refactor,annotation-utils,failed,315.46,0,6,8
115,descriptive,celery_refactor,autoretry-to-retry,timed_out,108.87,1,,7
116,descriptive,celery_refactor,combine-unpickle-task,failed,441.57,0,5,6
117,descriptive,celery_refactor,dump-message-to-serialization,success,276.15,0,3,3
118,descriptive,celery_refactor,ensure_serialize,failed,435.59,0,1,9
119,descriptive,celery_refactor,evaluate-promises-to-serialization,timed_out,254.01,1,1,4
120,descriptive,celery_refactor,expand-router-string-to-utils,failed,338.01,0,1,4
121,descriptive,celery_refactor,object-mro-lookup,success,622.73,0,3,3
122,descriptive,celery_refactor,rename-host-format,failed,162.38,0,3,7
123,descriptive,celery_refactor,truncate-text,failed,198.12,0,,9
124,descriptive,django_refactor,add-log-parameter-constant-time-compare,failed,228.94,0,,3
125,descriptive,django_refactor,add-log-parameter-get-resolver,failed,293.25,0,,3
126,descriptive,django_refactor,add-log-parameter-resolve-error-handler,failed,149.17,0,,2
127,descriptive,django_refactor,add-none-handling-duration-string,failed,195.92,0,2,3
128,descriptive,django_refactor,combine-utils-dates-dateformat,failed,589.31,0,1,4
129,descriptive,django_refactor,combine-utils-hashable-itercompat,failed,340.68,0,,4
130,descriptive,django_refactor,new-converter-to-python-class,failed,957.0,0,,3
131,descriptive,django_refactor,new-path-traversal-exception,failed,569.44,0,2,9
132,descriptive,django_refactor,new-reference-context-field-class,timed_out,247.73,1,,4
133,descriptive,django_refactor,new-reference-context-graph-class,failed,295.35,0,5,9
134,descriptive,django_refactor,new-timezone-class,failed,1375.47,0,,4
135,descriptive,django_refactor,new-utils-adapt-method-mode,failed,324.62,0,2,3
136,descriptive,django_refactor,new-utils-check-response,failed,859.76,0,1,2
137,descriptive,django_refactor,new-utils-path-from-module,failed,1091.44,0,,2
138,descriptive,django_refactor,remove-core-cache-utils,timed_out,146.02,1,,5
139,descriptive,django_refactor,remove-db-models-constants,failed,374.53,0,,19
140,descriptive,django_refactor,rename-file-move-safe,failed,435.98,0,3,6
141,descriptive,django_refactor,split-parse-apps-and-model-labels,failed,185.17,0,1,5
142,descriptive,fastapi_refactor,add-log-parameter-generate-option-id-for-path,timed_out,291.55,1,3,5
143,descriptive,fastapi_refactor,exception-handlers-to-handlers,failed,325.84,0,9,12
144,descriptive,fastapi_refactor,get-auth-scheme-param,success,943.34,0,6,6
145,descriptive,fastapi_refactor,openapi-get-utils,failed,756.71,0,,9
146,descriptive,fastapi_refactor,params-to-param,failed,750.81,0,8,22
147,descriptive,fastapi_refactor,value-is-a-sequence,failed,874.8,0,2,5
148,descriptive,flask_refactor,add-log-parameter-get-debug-flag,failed,292.26,0,1,7
149,descriptive,flask_refactor,add-log-parameter-get-flashed-messages,failed,1321.61,0,2,3
150,descriptive,flask_refactor,debughelpers-to-helpers.py,timed_out,16.16,1,,5
151,descriptive,flask_refactor,rename-send-from-directory,failed,810.85,0,1,4
152,descriptive,flask_refactor,render-template-str,failed,223.15,0,2,10
153,descriptive,flask_refactor,stream-template-str,failed,717.32,0,1,4
154,descriptive,requests_refactor,add-log-parameter-get-encoding-from-headers,failed,279.89,0,,3
155,descriptive,requests_refactor,add-log-parameter-resolve-proxies,success,562.91,0,2,2
156,descriptive,requests_refactor,add-log-parameter-select-proxy,failed,320.35,0,,2
157,descriptive,requests_refactor,combine-from-key-to-key,failed,494.86,0,1,5
158,descriptive,requests_refactor,combine-internal-utils-utils,timed_out,87.21,1,1,7
159,descriptive,requests_refactor,move-hooks-sessions,failed,3621.46,0,3,7
160,descriptive,requests_refactor,new-cookie-utils-class,failed,626.65,0,,4
161,descriptive,requests_refactor,rename-lookup-dict-dict-lookup,success,1170.69,0,7,7
162,descriptive,requests_refactor,rename-super-len-complex-len,failed,1168.52,0,1,3
163,descriptive,requests_refactor,split-warnings-exceptions,failed,245.31,0,5,9
164,descriptive,salt_refactor,add-log-parameter-delete-directory,failed,174.28,0,1,4
165,descriptive,salt_refactor,add-log-parameter-get-capability-definitions,failed,371.7,0,1,3
166,descriptive,salt_refactor,add-log-parameter-recursive-diff,failed,391.67,0,2,6
167,descriptive,salt_refactor,cant-create,timed_out,95.3,1,1,8
168,descriptive,salt_refactor,channel-to-transport,failed,386.11,0,,6
169,descriptive,salt_refactor,ex-pillar-fail,failed,543.44,0,,5
170,descriptive,salt_refactor,ex-state-fail,failed,634.02,0,,6
171,descriptive,salt_refactor,exactly-n-boto-mod,failed,465.5,0,,4
172,descriptive,salt_refactor,get-unavail,success,206.73,0,10,10
173,descriptive,salt_refactor,iam-to-aws,failed,444.5,0,2,5
174,descriptive,salt_refactor,mksls-to-specific,failed,316.64,0,3,6
175,descriptive,salt_refactor,namecheap-xmlutil,failed,693.62,0,2,6
176,descriptive,salt_refactor,paged-call-boto-mod,failed,491.93,0,1,4
177,descriptive,salt_refactor,pem-fingerprint,failed,313.02,0,2,10
178,descriptive,salt_refactor,perm-denied,failed,115.71,0,3,5
179,descriptive,scrapy_refactor,add-log-parameter-disconnect-all,failed,169.81,0,4,6
180,descriptive,scrapy_refactor,add-log-parameter-job-dir,failed,330.07,0,1,5
181,descriptive,scrapy_refactor,add-log-parameter-xmliter,failed,401.74,0,2,3
182,descriptive,scrapy_refactor,genspider-functions-to-utils-url,failed,399.92,0,1,4
183,descriptive,scrapy_refactor,new-downloadermiddlewares-utils,timed_out,202.96,1,,5
184,descriptive,scrapy_refactor,new-spider-utils-in-spiders,failed,297.64,0,,8
185,descriptive,scrapy_refactor,new-verify-reactor-class,failed,415.81,0,4,11
186,descriptive,scrapy_refactor,not-supported-exception-to-unsupported,timed_out,180.7,1,,10
187,descriptive,scrapy_refactor,parameterize-gunzip,timed_out,94.59,1,1,9
188,descriptive,scrapy_refactor,rename-description-commands,failed,332.21,0,,7
189,descriptive,scrapy_refactor,rename-engine-status,failed,343.3,0,5,8
190,descriptive,scrapy_refactor,rename-processtest-testproc,failed,882.61,0,2,6
191,descriptive,scrapy_refactor,sitemap-url-to-url,failed,176.66,0,,3
192,descriptive,tornado_refactor,global-objects,timed_out,90.59,1,,
193,descriptive,tornado_refactor,log-utils,timed_out,28.74,1,,
194,descriptive,tornado_refactor,option-parser-with-pretty-print,timed_out,44.15,1,,
195,descriptive,tornado_refactor,options-utils,timed_out,38.22,1,,
196,descriptive,tornado_refactor,remove-locale-data,timed_out,35.79,1,,
197,descriptive,tornado_refactor,rename-http1connection,timed_out,92.59,1,,
198,descriptive,tornado_refactor,rename-to-camel-case,timed_out,28.56,1,,
199,descriptive,tornado_refactor,resolvers-as-separate,timed_out,39.76,1,,
200,descriptive,tornado_refactor,tcpclient-connect-params,timed_out,23.54,1,,
201,lazy,ansible_refactor,add-log-parameter-get-group-vars,timed_out,55.27,1,3,5
202,lazy,ansible_refactor,add-log-parameter-is-systemd-managed,timed_out,87.25,1,2,5
203,lazy,ansible_refactor,combine-namespace-compat,timed_out,29.39,1,,7
204,lazy,ansible_refactor,data-to-inventory-data,timed_out,38.4,1,,5
205,lazy,ansible_refactor,move-quoting-splitter,timed_out,75.25,1,,6
206,lazy,ansible_refactor,new-inventory-patterns,timed_out,55.88,1,1,9
207,lazy,ansible_refactor,new-utils-class-connection,timed_out,22.59,1,,7
208,lazy,ansible_refactor,new-utils-from-basic,timed_out,62.99,1,,12
209,lazy,ansible_refactor,parse_key_value,timed_out,53.5,1,2,21
210,lazy,ansible_refactor,rename-lenient-lowercase,timed_out,91.96,1,,4
211,lazy,ansible_refactor,sort-groups-to-group-sort,timed_out,36.63,1,,4
212,lazy,celery_refactor,add-log-parameter-get-digest-algorithm,timed_out,21.7,1,2,5
213,lazy,celery_refactor,add-log-parameter-node-format,timed_out,31.82,1,,3
214,lazy,celery_refactor,annotation-utils,timed_out,55.55,1,4,8
215,lazy,celery_refactor,autoretry-to-retry,timed_out,25.62,1,,7
216,lazy,celery_refactor,combine-unpickle-task,timed_out,23.69,1,3,6
217,lazy,celery_refactor,dump-message-to-serialization,timed_out,50.94,1,,3
218,lazy,celery_refactor,ensure_serialize,timed_out,65.3,1,1,9
219,lazy,celery_refactor,evaluate-promises-to-serialization,timed_out,63.05,1,1,4
220,lazy,celery_refactor,expand-router-string-to-utils,timed_out,53.34,1,1,4
221,lazy,celery_refactor,object-mro-lookup,timed_out,23.8,1,2,3
222,lazy,celery_refactor,rename-host-format,timed_out,48.09,1,1,7
223,lazy,celery_refactor,truncate-text,timed_out,25.7,1,,9
224,lazy,django_refactor,add-log-parameter-constant-time-compare,timed_out,32.42,1,,3
225,lazy,django_refactor,add-log-parameter-get-resolver,timed_out,25.39,1,,3
226,lazy,django_refactor,add-log-parameter-resolve-error-handler,timed_out,89.22,1,,2
227,lazy,django_refactor,add-none-handling-duration-string,timed_out,68.21,1,,3
228,lazy,django_refactor,combine-utils-dates-dateformat,timed_out,29.8,1,,4
229,lazy,django_refactor,combine-utils-hashable-itercompat,timed_out,29.39,1,,4
230,lazy,django_refactor,new-converter-to-python-class,failed,141.68,0,2,3
231,lazy,django_refactor,new-path-traversal-exception,timed_out,58.02,1,2,9
232,lazy,django_refactor,new-reference-context-field-class,timed_out,87.36,1,,4
233,lazy,django_refactor,new-reference-context-graph-class,timed_out,90.8,1,5,9
234,lazy,django_refactor,new-timezone-class,timed_out,51.68,1,,4
235,lazy,django_refactor,new-utils-adapt-method-mode,timed_out,60.88,1,,3
236,lazy,django_refactor,new-utils-check-response,timed_out,73.23,1,,2
237,lazy,django_refactor,new-utils-path-from-module,timed_out,23.68,1,,2
238,lazy,django_refactor,remove-core-cache-utils,timed_out,129.35,1,,5
239,lazy,django_refactor,remove-db-models-constants,timed_out,48.9,1,,19
240,lazy,django_refactor,rename-file-move-safe,timed_out,56.07,1,,6
241,lazy,django_refactor,split-parse-apps-and-model-labels,timed_out,23.51,1,1,5
242,lazy,fastapi_refactor,add-log-parameter-generate-option-id-for-path,timed_out,59.61,1,3,5
243,lazy,fastapi_refactor,exception-handlers-to-handlers,timed_out,27.84,1,9,12
244,lazy,fastapi_refactor,get-auth-scheme-param,timed_out,87.78,1,3,6
245,lazy,fastapi_refactor,openapi-get-utils,timed_out,30.91,1,,9
246,lazy,fastapi_refactor,params-to-param,timed_out,23.85,1,8,22
247,lazy,fastapi_refactor,value-is-a-sequence,timed_out,53.18,1,2,5
248,lazy,flask_refactor,add-log-parameter-get-debug-flag,timed_out,76.24,1,1,7
249,lazy,flask_refactor,add-log-parameter-get-flashed-messages,timed_out,24.5,1,,3
250,lazy,flask_refactor,debughelpers-to-helpers.py,timed_out,15.25,1,,5
251,lazy,flask_refactor,rename-send-from-directory,timed_out,53.04,1,1,4
252,lazy,flask_refactor,render-template-str,timed_out,52.51,1,1,10
253,lazy,flask_refactor,stream-template-str,timed_out,23.34,1,1,4
254,lazy,requests_refactor,add-log-parameter-get-encoding-from-headers,timed_out,41.72,1,,3
255,lazy,requests_refactor,add-log-parameter-resolve-proxies,timed_out,57.88,1,,2
256,lazy,requests_refactor,add-log-parameter-select-proxy,timed_out,33.69,1,,2
257,lazy,requests_refactor,combine-from-key-to-key,timed_out,80.86,1,1,5
258,lazy,requests_refactor,combine-internal-utils-utils,timed_out,37.54,1,1,7
259,lazy,requests_refactor,move-hooks-sessions,timed_out,23.34,1,1,7
260,lazy,requests_refactor,new-cookie-utils-class,timed_out,21.45,1,,4
261,lazy,requests_refactor,rename-lookup-dict-dict-lookup,timed_out,21.55,1,,7
262,lazy,requests_refactor,rename-super-len-complex-len,timed_out,107.25,1,,3
263,lazy,requests_refactor,split-warnings-exceptions,timed_out,53.32,1,,9
264,lazy,salt_refactor,add-log-parameter-delete-directory,timed_out,89.19,1,2,4
265,lazy,salt_refactor,add-log-parameter-get-capability-definitions,timed_out,72.71,1,1,3
266,lazy,salt_refactor,add-log-parameter-recursive-diff,timed_out,73.76,1,3,6
267,lazy,salt_refactor,cant-create,timed_out,26.43,1,1,8
268,lazy,salt_refactor,channel-to-transport,timed_out,25.99,1,,6
269,lazy,salt_refactor,ex-pillar-fail,timed_out,91.17,1,,5
270,lazy,salt_refactor,ex-state-fail,timed_out,55.25,1,,6
271,lazy,salt_refactor,exactly-n-boto-mod,timed_out,26.12,1,,4
272,lazy,salt_refactor,get-unavail,timed_out,54.19,1,3,10
273,lazy,salt_refactor,iam-to-aws,timed_out,33.23,1,2,5
274,lazy,salt_refactor,mksls-to-specific,timed_out,54.32,1,,6
275,lazy,salt_refactor,namecheap-xmlutil,timed_out,26.51,1,,6
276,lazy,salt_refactor,paged-call-boto-mod,timed_out,24.07,1,2,4
277,lazy,salt_refactor,pem-fingerprint,timed_out,31.99,1,,10
278,lazy,salt_refactor,perm-denied,timed_out,67.91,1,1,5
279,lazy,scrapy_refactor,add-log-parameter-disconnect-all,timed_out,44.79,1,3,6
280,lazy,scrapy_refactor,add-log-parameter-job-dir,timed_out,69.12,1,,5
281,lazy,scrapy_refactor,add-log-parameter-xmliter,timed_out,37.93,1,2,3
282,lazy,scrapy_refactor,genspider-functions-to-utils-url,timed_out,23.53,1,,4
283,lazy,scrapy_refactor,new-downloadermiddlewares-utils,timed_out,35.81,1,,5
284,lazy,scrapy_refactor,new-spider-utils-in-spiders,timed_out,44.27,1,,8
285,lazy,scrapy_refactor,new-verify-reactor-class,timed_out,37.86,1,3,11
286,lazy,scrapy_refactor,not-supported-exception-to-unsupported,timed_out,27.73,1,,10
287,lazy,scrapy_refactor,parameterize-gunzip,timed_out,60.29,1,1,9
288,lazy,scrapy_refactor,rename-description-commands,timed_out,42.84,1,,7
289,lazy,scrapy_refactor,rename-engine-status,timed_out,23.73,1,,8
290,lazy,scrapy_refactor,rename-processtest-testproc,timed_out,33.68,1,,6
291,lazy,scrapy_refactor,sitemap-url-to-url,timed_out,68.61,1,,3
292,lazy,tornado_refactor,global-objects,timed_out,69.11,1,,
293,lazy,tornado_refactor,log-utils,timed_out,74.85,1,,
294,lazy,tornado_refactor,option-parser-with-pretty-print,timed_out,52.75,1,,
295,lazy,tornado_refactor,options-utils,timed_out,41.92,1,,
296,lazy,tornado_refactor,remove-locale-data,timed_out,41.92,1,,
297,lazy,tornado_refactor,rename-http1connection,timed_out,21.43,1,,
298,lazy,tornado_refactor,rename-to-camel-case,timed_out,41.99,1,,
299,lazy,tornado_refactor,resolvers-as-separate,failed,49.97,0,,
300,lazy,tornado_refactor,tcpclient-connect-params,timed_out,23.58,1,,
