timestamp,benchmark,pipeline_run_id,setup,project_or_repo,task_id,status,timed_out,duration_seconds,completed_at,eval_loop_count,compaction_count,token_input,token_output,token_total,session_log_path,events_path,artifact_path,tests_passed,tests_total,reason
2026-05-28T04:10:41.063396Z,refbench,benchmark_pipeline_20260528_040832,single-agent,ansible_refactor,add-log-parameter-get-group-vars,success,0,37.58,2026-05-28T04:10:41Z,,,,,,/workspace/benchmarks/refactorbench/outputs/logs/base_single-agent_copilot_qwen_qwen3.6-flash/ansible_refactor_add-log-parameter-get-group-vars_1779941400608.terminal.txt,/workspace/outputs/platform/home/.copilot/session-state/15d927ed-82f4-4296-b8cc-421b552c2864/events.jsonl,/workspace/benchmarks/refactorbench/outputs/logs/base_single-agent_copilot_qwen_qwen3.6-flash/ansible_refactor_add-log-parameter-get-group-vars_1779941400608.response.txt,5,5,"/workspace/benchmarks/refactorbench/outputs/workspaces/ansible_refactor_add-log-parameter-get-group-vars_1779941400608/repo/lib/_refbench_ast_compat.py:2: DeprecationWarning: ast.Str is deprecated and will be removed in Python 3.14; use ast.Constant instead
2026-05-28T04:11:51.142030Z,refbench,benchmark_pipeline_20260528_040832,single-agent,ansible_refactor,add-log-parameter-is-systemd-managed,success,0,67.08,2026-05-28T04:11:51Z,,,,,,/workspace/benchmarks/refactorbench/outputs/logs/base_single-agent_copilot_qwen_qwen3.6-flash/ansible_refactor_add-log-parameter-is-systemd-managed_1779941441140.terminal.txt,/workspace/outputs/platform/home/.copilot/session-state/4d5b387a-ab49-42da-a1c5-a785a10c3856/events.jsonl,/workspace/benchmarks/refactorbench/outputs/logs/base_single-agent_copilot_qwen_qwen3.6-flash/ansible_refactor_add-log-parameter-is-systemd-managed_1779941441140.response.txt,5,5,"/workspace/benchmarks/refactorbench/outputs/workspaces/ansible_refactor_add-log-parameter-is-systemd-managed_1779941441140/repo/lib/_refbench_ast_compat.py:2: DeprecationWarning: ast.Str is deprecated and will be removed in Python 3.14; use ast.Constant instead
2026-05-28T04:13:19.409189Z,refbench,benchmark_pipeline_20260528_040832,single-agent,ansible_refactor,combine-namespace-compat,failed,0,85.37,2026-05-28T04:13:19Z,,,,,,/workspace/benchmarks/refactorbench/outputs/logs/base_single-agent_copilot_qwen_qwen3.6-flash/ansible_refactor_combine-namespace-compat_1779941511212.terminal.txt,/workspace/outputs/platform/home/.copilot/session-state/3fe9b999-e4da-49c9-aa0e-cfbe4b480923/events.jsonl,/workspace/benchmarks/refactorbench/outputs/logs/base_single-agent_copilot_qwen_qwen3.6-flash/ansible_refactor_combine-namespace-compat_1779941511212.response.txt,6,7,"/workspace/benchmarks/refactorbench/outputs/workspaces/ansible_refactor_combine-namespace-compat_1779941511212/repo/lib/_refbench_ast_compat.py:2: DeprecationWarning: ast.Str is deprecated and will be removed in Python 3.14; use ast.Constant instead
2026-05-28T04:14:13.093688Z,refbench,benchmark_pipeline_20260528_040832,single-agent,ansible_refactor,data-to-inventory-data,success,0,50.79,2026-05-28T04:14:13Z,,,,,,/workspace/benchmarks/refactorbench/outputs/logs/base_single-agent_copilot_qwen_qwen3.6-flash/ansible_refactor_data-to-inventory-data_1779941599480.terminal.txt,/workspace/outputs/platform/home/.copilot/session-state/d5ca8f18-0a72-42b5-8e2b-435281ccf277/events.jsonl,/workspace/benchmarks/refactorbench/outputs/logs/base_single-agent_copilot_qwen_qwen3.6-flash/ansible_refactor_data-to-inventory-data_1779941599480.response.txt,5,5,"/workspace/benchmarks/refactorbench/outputs/workspaces/ansible_refactor_data-to-inventory-data_1779941599480/repo/lib/_refbench_ast_compat.py:2: DeprecationWarning: ast.Str is deprecated and will be removed in Python 3.14; use ast.Constant instead
2026-05-28T04:15:17.224038Z,refbench,benchmark_pipeline_20260528_040832,single-agent,ansible_refactor,move-quoting-splitter,failed,0,60.85,2026-05-28T04:15:17Z,,,,,,/workspace/benchmarks/refactorbench/outputs/logs/base_single-agent_copilot_qwen_qwen3.6-flash/ansible_refactor_move-quoting-splitter_1779941653637.terminal.txt,/workspace/outputs/platform/home/.copilot/session-state/92cc6da9-c5e7-4259-b3ee-086267033683/events.jsonl,/workspace/benchmarks/refactorbench/outputs/logs/base_single-agent_copilot_qwen_qwen3.6-flash/ansible_refactor_move-quoting-splitter_1779941653637.response.txt,1,6,"/workspace/benchmarks/refactorbench/outputs/workspaces/ansible_refactor_move-quoting-splitter_1779941653637/repo/lib/_refbench_ast_compat.py:2: DeprecationWarning: ast.Str is deprecated and will be removed in Python 3.14; use ast.Constant instead
2026-05-28T04:16:57.821728Z,refbench,benchmark_pipeline_20260528_040832,single-agent,ansible_refactor,new-inventory-patterns,success,0,97.27,2026-05-28T04:16:57Z,,,,,,/workspace/benchmarks/refactorbench/outputs/logs/base_single-agent_copilot_qwen_qwen3.6-flash/ansible_refactor_new-inventory-patterns_1779941717750.terminal.txt,/workspace/outputs/platform/home/.copilot/session-state/21b6ccb6-a093-4d36-bfca-41e2b4203ac1/events.jsonl,/workspace/benchmarks/refactorbench/outputs/logs/base_single-agent_copilot_qwen_qwen3.6-flash/ansible_refactor_new-inventory-patterns_1779941717750.response.txt,9,9,"/workspace/benchmarks/refactorbench/outputs/workspaces/ansible_refactor_new-inventory-patterns_1779941717750/repo/lib/_refbench_ast_compat.py:2: DeprecationWarning: ast.Str is deprecated and will be removed in Python 3.14; use ast.Constant instead
2026-05-28T04:18:22.269551Z,refbench,benchmark_pipeline_20260528_040832,single-agent,ansible_refactor,new-utils-class-connection,timed_out,1,81.12,2026-05-28T04:18:22Z,,,,,,/workspace/benchmarks/refactorbench/outputs/logs/base_single-agent_copilot_qwen_qwen3.6-flash/ansible_refactor_new-utils-class-connection_1779941818345.terminal.txt,/workspace/outputs/platform/home/.copilot/session-state/b8a8111b-db39-46d4-b89d-8fe7481ce6e6/events.jsonl,/workspace/benchmarks/refactorbench/outputs/logs/base_single-agent_copilot_qwen_qwen3.6-flash/ansible_refactor_new-utils-class-connection_1779941818345.response.txt,,7,No repository changes detected from Copilot response.
2026-05-28T04:21:44.369182Z,refbench,benchmark_pipeline_20260528_040832,single-agent,ansible_refactor,new-utils-from-basic,failed,0,198.77,2026-05-28T04:21:44Z,,,,,,/workspace/benchmarks/refactorbench/outputs/logs/base_single-agent_copilot_qwen_qwen3.6-flash/ansible_refactor_new-utils-from-basic_1779941902815.terminal.txt,/workspace/outputs/platform/home/.copilot/session-state/936b356f-b4a7-481c-b522-70029ec5fe7c/events.jsonl,/workspace/benchmarks/refactorbench/outputs/logs/base_single-agent_copilot_qwen_qwen3.6-flash/ansible_refactor_new-utils-from-basic_1779941902815.response.txt,,12,"/workspace/benchmarks/refactorbench/outputs/workspaces/ansible_refactor_new-utils-from-basic_1779941902815/repo/lib/_refbench_ast_compat.py:2: DeprecationWarning: ast.Str is deprecated and will be removed in Python 3.14; use ast.Constant instead
2026-05-28T04:23:09.237758Z,refbench,benchmark_pipeline_20260528_040832,single-agent,ansible_refactor,parse_key_value,success,0,81.46,2026-05-28T04:23:09Z,,,,,,/workspace/benchmarks/refactorbench/outputs/logs/base_single-agent_copilot_qwen_qwen3.6-flash/ansible_refactor_parse_key_value_1779942104902.terminal.txt,/workspace/outputs/platform/home/.copilot/session-state/820eebad-3c1d-43a8-a744-4774f6304784/events.jsonl,/workspace/benchmarks/refactorbench/outputs/logs/base_single-agent_copilot_qwen_qwen3.6-flash/ansible_refactor_parse_key_value_1779942104902.response.txt,21,21,"/workspace/benchmarks/refactorbench/outputs/workspaces/ansible_refactor_parse_key_value_1779942104902/repo/lib/_refbench_ast_compat.py:2: DeprecationWarning: ast.Str is deprecated and will be removed in Python 3.14; use ast.Constant instead
2026-05-28T04:23:57.072625Z,refbench,benchmark_pipeline_20260528_040832,single-agent,ansible_refactor,rename-lenient-lowercase,success,0,44.41,2026-05-28T04:23:57Z,,,,,,/workspace/benchmarks/refactorbench/outputs/logs/base_single-agent_copilot_qwen_qwen3.6-flash/ansible_refactor_rename-lenient-lowercase_1779942189758.terminal.txt,/workspace/outputs/platform/home/.copilot/session-state/fd2e127e-bfd0-438f-a595-2defa835ab20/events.jsonl,/workspace/benchmarks/refactorbench/outputs/logs/base_single-agent_copilot_qwen_qwen3.6-flash/ansible_refactor_rename-lenient-lowercase_1779942189758.response.txt,4,4,"/workspace/benchmarks/refactorbench/outputs/workspaces/ansible_refactor_rename-lenient-lowercase_1779942189758/repo/lib/_refbench_ast_compat.py:2: DeprecationWarning: ast.Str is deprecated and will be removed in Python 3.14; use ast.Constant instead
2026-05-28T04:24:41.084808Z,refbench,benchmark_pipeline_20260528_040832,single-agent,ansible_refactor,sort-groups-to-group-sort,success,0,40.61,2026-05-28T04:24:41Z,,,,,,/workspace/benchmarks/refactorbench/outputs/logs/base_single-agent_copilot_qwen_qwen3.6-flash/ansible_refactor_sort-groups-to-group-sort_1779942237607.terminal.txt,/workspace/outputs/platform/home/.copilot/session-state/c62b0fe7-39c4-4cd9-8553-ab537f5be695/events.jsonl,/workspace/benchmarks/refactorbench/outputs/logs/base_single-agent_copilot_qwen_qwen3.6-flash/ansible_refactor_sort-groups-to-group-sort_1779942237607.response.txt,4,4,"/workspace/benchmarks/refactorbench/outputs/workspaces/ansible_refactor_sort-groups-to-group-sort_1779942237607/repo/lib/_refbench_ast_compat.py:2: DeprecationWarning: ast.Str is deprecated and will be removed in Python 3.14; use ast.Constant instead
2026-05-28T04:25:22.119416Z,refbench,benchmark_pipeline_20260528_040832,single-agent,celery_refactor,add-log-parameter-get-digest-algorithm,success,0,39.79,2026-05-28T04:25:22Z,,,,,,/workspace/benchmarks/refactorbench/outputs/logs/base_single-agent_copilot_qwen_qwen3.6-flash/celery_refactor_add-log-parameter-get-digest-algorithm_1779942281616.terminal.txt,/workspace/outputs/platform/home/.copilot/session-state/23332a7e-f987-4689-acff-0cd406a9c253/events.jsonl,/workspace/benchmarks/refactorbench/outputs/logs/base_single-agent_copilot_qwen_qwen3.6-flash/celery_refactor_add-log-parameter-get-digest-algorithm_1779942281616.response.txt,5,5,"/workspace/benchmarks/refactorbench/outputs/workspaces/celery_refactor_add-log-parameter-get-digest-algorithm_1779942281616/repo/celery/_refbench_ast_compat.py:2: DeprecationWarning: ast.Str is deprecated and will be removed in Python 3.14; use ast.Constant instead
2026-05-28T04:26:13.417610Z,refbench,benchmark_pipeline_20260528_040832,single-agent,celery_refactor,add-log-parameter-node-format,success,0,50.1,2026-05-28T04:26:13Z,,,,,,/workspace/benchmarks/refactorbench/outputs/logs/base_single-agent_copilot_qwen_qwen3.6-flash/celery_refactor_add-log-parameter-node-format_1779942322651.terminal.txt,/workspace/outputs/platform/home/.copilot/session-state/124e9929-56a0-4412-8258-72b37108ec85/events.jsonl,/workspace/benchmarks/refactorbench/outputs/logs/base_single-agent_copilot_qwen_qwen3.6-flash/celery_refactor_add-log-parameter-node-format_1779942322651.response.txt,3,3,"/workspace/benchmarks/refactorbench/outputs/workspaces/celery_refactor_add-log-parameter-node-format_1779942322651/repo/celery/_refbench_ast_compat.py:2: DeprecationWarning: ast.Str is deprecated and will be removed in Python 3.14; use ast.Constant instead
2026-05-28T04:27:12.697093Z,refbench,benchmark_pipeline_20260528_040832,single-agent,celery_refactor,annotation-utils,failed,0,58.06,2026-05-28T04:27:12Z,,,,,,/workspace/benchmarks/refactorbench/outputs/logs/base_single-agent_copilot_qwen_qwen3.6-flash/celery_refactor_annotation-utils_1779942373968.terminal.txt,/workspace/outputs/platform/home/.copilot/session-state/befa1601-f765-469e-a615-b426fe83bb4f/events.jsonl,/workspace/benchmarks/refactorbench/outputs/logs/base_single-agent_copilot_qwen_qwen3.6-flash/celery_refactor_annotation-utils_1779942373968.response.txt,5,8,"/workspace/benchmarks/refactorbench/outputs/workspaces/celery_refactor_annotation-utils_1779942373968/repo/celery/_refbench_ast_compat.py:2: DeprecationWarning: ast.Str is deprecated and will be removed in Python 3.14; use ast.Constant instead
2026-05-28T04:28:46.396678Z,refbench,benchmark_pipeline_20260528_040832,single-agent,celery_refactor,autoretry-to-retry,failed,0,92.47,2026-05-28T04:28:46Z,,,,,,/workspace/benchmarks/refactorbench/outputs/logs/base_single-agent_copilot_qwen_qwen3.6-flash/celery_refactor_autoretry-to-retry_1779942433234.terminal.txt,/workspace/outputs/platform/home/.copilot/session-state/8e0042c2-c4f1-4441-9230-e102baacfc69/events.jsonl,/workspace/benchmarks/refactorbench/outputs/logs/base_single-agent_copilot_qwen_qwen3.6-flash/celery_refactor_autoretry-to-retry_1779942433234.response.txt,6,7,"/workspace/benchmarks/refactorbench/outputs/workspaces/celery_refactor_autoretry-to-retry_1779942433234/repo/celery/_refbench_ast_compat.py:2: DeprecationWarning: ast.Str is deprecated and will be removed in Python 3.14; use ast.Constant instead
2026-05-28T04:29:41.693063Z,refbench,benchmark_pipeline_20260528_040832,single-agent,celery_refactor,combine-unpickle-task,failed,0,54.06,2026-05-28T04:29:41Z,,,,,,/workspace/benchmarks/refactorbench/outputs/logs/base_single-agent_copilot_qwen_qwen3.6-flash/celery_refactor_combine-unpickle-task_1779942526944.terminal.txt,/workspace/outputs/platform/home/.copilot/session-state/27f7880c-7a68-41af-a9f3-7f859150e477/events.jsonl,/workspace/benchmarks/refactorbench/outputs/logs/base_single-agent_copilot_qwen_qwen3.6-flash/celery_refactor_combine-unpickle-task_1779942526944.response.txt,5,6,"/workspace/benchmarks/refactorbench/outputs/workspaces/celery_refactor_combine-unpickle-task_1779942526944/repo/celery/_refbench_ast_compat.py:2: DeprecationWarning: ast.Str is deprecated and will be removed in Python 3.14; use ast.Constant instead
2026-05-28T04:31:41.869428Z,refbench,benchmark_pipeline_20260528_040832,single-agent,celery_refactor,dump-message-to-serialization,success,0,118.89,2026-05-28T04:31:41Z,,,,,,/workspace/benchmarks/refactorbench/outputs/logs/base_single-agent_copilot_qwen_qwen3.6-flash/celery_refactor_dump-message-to-serialization_1779942582225.terminal.txt,/workspace/outputs/platform/home/.copilot/session-state/0de5f077-2755-45ec-b007-8cf6e9f94913/events.jsonl,/workspace/benchmarks/refactorbench/outputs/logs/base_single-agent_copilot_qwen_qwen3.6-flash/celery_refactor_dump-message-to-serialization_1779942582225.response.txt,3,3,"/workspace/benchmarks/refactorbench/outputs/workspaces/celery_refactor_dump-message-to-serialization_1779942582225/repo/celery/_refbench_ast_compat.py:2: DeprecationWarning: ast.Str is deprecated and will be removed in Python 3.14; use ast.Constant instead
2026-05-28T04:33:17.433754Z,refbench,benchmark_pipeline_20260528_040832,single-agent,celery_refactor,ensure_serialize,success,0,94.75,2026-05-28T04:33:17Z,,,,,,/workspace/benchmarks/refactorbench/outputs/logs/base_single-agent_copilot_qwen_qwen3.6-flash/celery_refactor_ensure_serialize_1779942701945.terminal.txt,/workspace/outputs/platform/home/.copilot/session-state/f72fe93f-17fe-4e74-aca4-995a82461a1e/events.jsonl,/workspace/benchmarks/refactorbench/outputs/logs/base_single-agent_copilot_qwen_qwen3.6-flash/celery_refactor_ensure_serialize_1779942701945.response.txt,9,9,"/workspace/benchmarks/refactorbench/outputs/workspaces/celery_refactor_ensure_serialize_1779942701945/repo/celery/_refbench_ast_compat.py:2: DeprecationWarning: ast.Str is deprecated and will be removed in Python 3.14; use ast.Constant instead
2026-05-28T04:34:12.319348Z,refbench,benchmark_pipeline_20260528_040832,single-agent,celery_refactor,evaluate-promises-to-serialization,success,0,54.1,2026-05-28T04:34:12Z,,,,,,/workspace/benchmarks/refactorbench/outputs/logs/base_single-agent_copilot_qwen_qwen3.6-flash/celery_refactor_evaluate-promises-to-serialization_1779942797507.terminal.txt,/workspace/outputs/platform/home/.copilot/session-state/8dd512e9-4dc9-429f-8020-d4f6b8b44a67/events.jsonl,/workspace/benchmarks/refactorbench/outputs/logs/base_single-agent_copilot_qwen_qwen3.6-flash/celery_refactor_evaluate-promises-to-serialization_1779942797507.response.txt,4,4,"/workspace/benchmarks/refactorbench/outputs/workspaces/celery_refactor_evaluate-promises-to-serialization_1779942797507/repo/celery/_refbench_ast_compat.py:2: DeprecationWarning: ast.Str is deprecated and will be removed in Python 3.14; use ast.Constant instead
2026-05-28T04:35:21.426399Z,refbench,benchmark_pipeline_20260528_040832,single-agent,celery_refactor,expand-router-string-to-utils,failed,0,68.33,2026-05-28T04:35:21Z,,,,,,/workspace/benchmarks/refactorbench/outputs/logs/base_single-agent_copilot_qwen_qwen3.6-flash/celery_refactor_expand-router-string-to-utils_1779942852396.terminal.txt,/workspace/outputs/platform/home/.copilot/session-state/3d0b096e-6290-4e2c-805c-c6d96cfabe8d/events.jsonl,/workspace/benchmarks/refactorbench/outputs/logs/base_single-agent_copilot_qwen_qwen3.6-flash/celery_refactor_expand-router-string-to-utils_1779942852396.response.txt,3,4,"/workspace/benchmarks/refactorbench/outputs/workspaces/celery_refactor_expand-router-string-to-utils_1779942852396/repo/celery/_refbench_ast_compat.py:2: DeprecationWarning: ast.Str is deprecated and will be removed in Python 3.14; use ast.Constant instead
2026-05-28T04:36:14.306540Z,refbench,benchmark_pipeline_20260528_040832,single-agent,celery_refactor,object-mro-lookup,success,0,52.04,2026-05-28T04:36:14Z,,,,,,/workspace/benchmarks/refactorbench/outputs/logs/base_single-agent_copilot_qwen_qwen3.6-flash/celery_refactor_object-mro-lookup_1779942921503.terminal.txt,/workspace/outputs/platform/home/.copilot/session-state/4dd1cad0-61e8-4b2b-916d-a34631bad42f/events.jsonl,/workspace/benchmarks/refactorbench/outputs/logs/base_single-agent_copilot_qwen_qwen3.6-flash/celery_refactor_object-mro-lookup_1779942921503.response.txt,3,3,"/workspace/benchmarks/refactorbench/outputs/workspaces/celery_refactor_object-mro-lookup_1779942921503/repo/celery/_refbench_ast_compat.py:2: DeprecationWarning: ast.Str is deprecated and will be removed in Python 3.14; use ast.Constant instead
2026-05-28T04:37:33.576331Z,refbench,benchmark_pipeline_20260528_040832,single-agent,celery_refactor,rename-host-format,failed,0,78.47,2026-05-28T04:37:33Z,,,,,,/workspace/benchmarks/refactorbench/outputs/logs/base_single-agent_copilot_qwen_qwen3.6-flash/celery_refactor_rename-host-format_1779942974384.terminal.txt,/workspace/outputs/platform/home/.copilot/session-state/2026111f-59ec-420e-b6d6-47e01b77cb37/events.jsonl,/workspace/benchmarks/refactorbench/outputs/logs/base_single-agent_copilot_qwen_qwen3.6-flash/celery_refactor_rename-host-format_1779942974384.response.txt,6,7,"/workspace/benchmarks/refactorbench/outputs/workspaces/celery_refactor_rename-host-format_1779942974384/repo/celery/_refbench_ast_compat.py:2: DeprecationWarning: ast.Str is deprecated and will be removed in Python 3.14; use ast.Constant instead
2026-05-28T04:41:21.256354Z,refbench,benchmark_pipeline_20260528_040832,single-agent,celery_refactor,truncate-text,failed,0,226.85,2026-05-28T04:41:21Z,,,,,,/workspace/benchmarks/refactorbench/outputs/logs/base_single-agent_copilot_qwen_qwen3.6-flash/celery_refactor_truncate-text_1779943053654.terminal.txt,/workspace/outputs/platform/home/.copilot/session-state/0c98f7a8-68af-4475-8905-33aa583419cb/events.jsonl,/workspace/benchmarks/refactorbench/outputs/logs/base_single-agent_copilot_qwen_qwen3.6-flash/celery_refactor_truncate-text_1779943053654.response.txt,,9,"/workspace/benchmarks/refactorbench/outputs/workspaces/celery_refactor_truncate-text_1779943053654/repo/_refbench_ast_compat.py:2: DeprecationWarning: ast.Str is deprecated and will be removed in Python 3.14; use ast.Constant instead
2026-05-28T04:43:06.956998Z,refbench,benchmark_pipeline_20260528_040832,single-agent,django_refactor,add-log-parameter-constant-time-compare,failed,0,98.91,2026-05-28T04:43:06Z,,,,,,/workspace/benchmarks/refactorbench/outputs/logs/base_single-agent_copilot_qwen_qwen3.6-flash/django_refactor_add-log-parameter-constant-time-compare_1779943281332.terminal.txt,/workspace/outputs/platform/home/.copilot/session-state/90d2c910-ac9a-455c-8270-7fc51c14a885/events.jsonl,/workspace/benchmarks/refactorbench/outputs/logs/base_single-agent_copilot_qwen_qwen3.6-flash/django_refactor_add-log-parameter-constant-time-compare_1779943281332.response.txt,2,3,"/workspace/benchmarks/refactorbench/outputs/workspaces/django_refactor_add-log-parameter-constant-time-compare_1779943281332/repo/django/_refbench_ast_compat.py:2: DeprecationWarning: ast.Str is deprecated and will be removed in Python 3.14; use ast.Constant instead
2026-05-28T04:46:15.138763Z,refbench,benchmark_pipeline_20260528_040832,single-agent,django_refactor,add-log-parameter-get-resolver,failed,0,183.83,2026-05-28T04:46:15Z,,,,,,/workspace/benchmarks/refactorbench/outputs/logs/base_single-agent_copilot_qwen_qwen3.6-flash/django_refactor_add-log-parameter-get-resolver_1779943387029.terminal.txt,/workspace/outputs/platform/home/.copilot/session-state/d0361bb2-a012-48f1-b489-aa006738f5a2/events.jsonl,/workspace/benchmarks/refactorbench/outputs/logs/base_single-agent_copilot_qwen_qwen3.6-flash/django_refactor_add-log-parameter-get-resolver_1779943387029.response.txt,2,3,"/workspace/benchmarks/refactorbench/outputs/workspaces/django_refactor_add-log-parameter-get-resolver_1779943387029/repo/django/_refbench_ast_compat.py:2: DeprecationWarning: ast.Str is deprecated and will be removed in Python 3.14; use ast.Constant instead
2026-05-28T04:47:27.659480Z,refbench,benchmark_pipeline_20260528_040832,single-agent,django_refactor,add-log-parameter-resolve-error-handler,failed,0,68.3,2026-05-28T04:47:27Z,,,,,,/workspace/benchmarks/refactorbench/outputs/logs/base_single-agent_copilot_qwen_qwen3.6-flash/django_refactor_add-log-parameter-resolve-error-handler_1779943575213.terminal.txt,/workspace/outputs/platform/home/.copilot/session-state/90209219-56a3-4243-8a7f-50e186c823a8/events.jsonl,/workspace/benchmarks/refactorbench/outputs/logs/base_single-agent_copilot_qwen_qwen3.6-flash/django_refactor_add-log-parameter-resolve-error-handler_1779943575213.response.txt,,2,"/workspace/benchmarks/refactorbench/outputs/workspaces/django_refactor_add-log-parameter-resolve-error-handler_1779943575213/repo/django/_refbench_ast_compat.py:2: DeprecationWarning: ast.Str is deprecated and will be removed in Python 3.14; use ast.Constant instead
2026-05-28T04:48:38.103436Z,refbench,benchmark_pipeline_20260528_040832,single-agent,django_refactor,add-none-handling-duration-string,success,0,66.13,2026-05-28T04:48:38Z,,,,,,/workspace/benchmarks/refactorbench/outputs/logs/base_single-agent_copilot_qwen_qwen3.6-flash/django_refactor_add-none-handling-duration-string_1779943647733.terminal.txt,/workspace/outputs/platform/home/.copilot/session-state/6fa36cc3-de37-490c-81c4-7804a15a30b7/events.jsonl,/workspace/benchmarks/refactorbench/outputs/logs/base_single-agent_copilot_qwen_qwen3.6-flash/django_refactor_add-none-handling-duration-string_1779943647733.response.txt,3,3,"/workspace/benchmarks/refactorbench/outputs/workspaces/django_refactor_add-none-handling-duration-string_1779943647733/repo/django/_refbench_ast_compat.py:2: DeprecationWarning: ast.Str is deprecated and will be removed in Python 3.14; use ast.Constant instead
2026-05-28T04:49:50.672555Z,refbench,benchmark_pipeline_20260528_040832,single-agent,django_refactor,combine-utils-dates-dateformat,success,0,68.23,2026-05-28T04:49:50Z,,,,,,/workspace/benchmarks/refactorbench/outputs/logs/base_single-agent_copilot_qwen_qwen3.6-flash/django_refactor_combine-utils-dates-dateformat_1779943718178.terminal.txt,/workspace/outputs/platform/home/.copilot/session-state/e19b605e-fe8f-4cc7-a91e-3135ac2b8b3a/events.jsonl,/workspace/benchmarks/refactorbench/outputs/logs/base_single-agent_copilot_qwen_qwen3.6-flash/django_refactor_combine-utils-dates-dateformat_1779943718178.response.txt,4,4,"/workspace/benchmarks/refactorbench/outputs/workspaces/django_refactor_combine-utils-dates-dateformat_1779943718178/repo/django/_refbench_ast_compat.py:2: DeprecationWarning: ast.Str is deprecated and will be removed in Python 3.14; use ast.Constant instead
2026-05-28T04:53:31.635022Z,refbench,benchmark_pipeline_20260528_040832,single-agent,django_refactor,combine-utils-hashable-itercompat,failed,0,216.52,2026-05-28T04:53:31Z,,,,,,/workspace/benchmarks/refactorbench/outputs/logs/base_single-agent_copilot_qwen_qwen3.6-flash/django_refactor_combine-utils-hashable-itercompat_1779943790734.terminal.txt,/workspace/outputs/platform/home/.copilot/session-state/b466f996-a8d4-40ce-bd12-5901c5017436/events.jsonl,/workspace/benchmarks/refactorbench/outputs/logs/base_single-agent_copilot_qwen_qwen3.6-flash/django_refactor_combine-utils-hashable-itercompat_1779943790734.response.txt,3,4,"/workspace/benchmarks/refactorbench/outputs/workspaces/django_refactor_combine-utils-hashable-itercompat_1779943790734/repo/django/_refbench_ast_compat.py:2: DeprecationWarning: ast.Str is deprecated and will be removed in Python 3.14; use ast.Constant instead
2026-05-28T04:54:26.477026Z,refbench,benchmark_pipeline_20260528_040832,single-agent,django_refactor,new-converter-to-python-class,failed,0,50.26,2026-05-28T04:54:26Z,,,,,,/workspace/benchmarks/refactorbench/outputs/logs/base_single-agent_copilot_qwen_qwen3.6-flash/django_refactor_new-converter-to-python-class_1779944012008.terminal.txt,/workspace/outputs/platform/home/.copilot/session-state/07bd36cd-1a46-4786-90ce-4b666066b314/events.jsonl,/workspace/benchmarks/refactorbench/outputs/logs/base_single-agent_copilot_qwen_qwen3.6-flash/django_refactor_new-converter-to-python-class_1779944012008.response.txt,1,3,"/workspace/benchmarks/refactorbench/outputs/workspaces/django_refactor_new-converter-to-python-class_1779944012008/repo/django/_refbench_ast_compat.py:2: DeprecationWarning: ast.Str is deprecated and will be removed in Python 3.14; use ast.Constant instead
2026-05-28T04:56:58.607939Z,refbench,benchmark_pipeline_20260528_040832,single-agent,django_refactor,new-path-traversal-exception,failed,0,147.5,2026-05-28T04:56:58Z,,,,,,/workspace/benchmarks/refactorbench/outputs/logs/base_single-agent_copilot_qwen_qwen3.6-flash/django_refactor_new-path-traversal-exception_1779944066846.terminal.txt,/workspace/outputs/platform/home/.copilot/session-state/f7a0479a-8410-4250-a322-42a5ca6bb30d/events.jsonl,/workspace/benchmarks/refactorbench/outputs/logs/base_single-agent_copilot_qwen_qwen3.6-flash/django_refactor_new-path-traversal-exception_1779944066846.response.txt,7,9,"/workspace/benchmarks/refactorbench/outputs/workspaces/django_refactor_new-path-traversal-exception_1779944066846/repo/django/_refbench_ast_compat.py:2: DeprecationWarning: ast.Str is deprecated and will be removed in Python 3.14; use ast.Constant instead
2026-05-28T04:57:57.763679Z,refbench,benchmark_pipeline_20260528_040832,single-agent,django_refactor,new-reference-context-field-class,timed_out,1,54.46,2026-05-28T04:57:57Z,,,,,,/workspace/benchmarks/refactorbench/outputs/logs/base_single-agent_copilot_qwen_qwen3.6-flash/django_refactor_new-reference-context-field-class_1779944218992.terminal.txt,/workspace/outputs/platform/home/.copilot/session-state/ff44a80a-d3e6-4e4c-b31f-a4ced0fa36aa/events.jsonl,/workspace/benchmarks/refactorbench/outputs/logs/base_single-agent_copilot_qwen_qwen3.6-flash/django_refactor_new-reference-context-field-class_1779944218992.response.txt,,4,No repository changes detected from Copilot response.
2026-05-28T05:01:27.091426Z,refbench,benchmark_pipeline_20260528_040832,single-agent,django_refactor,new-reference-context-graph-class,failed,0,204.55,2026-05-28T05:01:27Z,,,,,,/workspace/benchmarks/refactorbench/outputs/logs/base_single-agent_copilot_qwen_qwen3.6-flash/django_refactor_new-reference-context-graph-class_1779944278134.terminal.txt,/workspace/outputs/platform/home/.copilot/session-state/761db837-ecec-467b-ba39-79a4293a987f/events.jsonl,/workspace/benchmarks/refactorbench/outputs/logs/base_single-agent_copilot_qwen_qwen3.6-flash/django_refactor_new-reference-context-graph-class_1779944278134.response.txt,5,9,"/workspace/benchmarks/refactorbench/outputs/workspaces/django_refactor_new-reference-context-graph-class_1779944278134/repo/django/_refbench_ast_compat.py:2: DeprecationWarning: ast.Str is deprecated and will be removed in Python 3.14; use ast.Constant instead
2026-05-28T05:04:35.894628Z,refbench,benchmark_pipeline_20260528_040832,single-agent,django_refactor,new-timezone-class,timed_out,1,184.11,2026-05-28T05:04:35Z,,,,,,/workspace/benchmarks/refactorbench/outputs/logs/base_single-agent_copilot_qwen_qwen3.6-flash/django_refactor_new-timezone-class_1779944487460.terminal.txt,/workspace/outputs/platform/home/.copilot/session-state/43847561-0d52-42bd-b219-cfe5ee72440b/events.jsonl,/workspace/benchmarks/refactorbench/outputs/logs/base_single-agent_copilot_qwen_qwen3.6-flash/django_refactor_new-timezone-class_1779944487460.response.txt,,4,No repository changes detected from Copilot response.
2026-05-28T05:06:02.981573Z,refbench,benchmark_pipeline_20260528_040832,single-agent,django_refactor,new-utils-adapt-method-mode,success,0,82.44,2026-05-28T05:06:02Z,,,,,,/workspace/benchmarks/refactorbench/outputs/logs/base_single-agent_copilot_qwen_qwen3.6-flash/django_refactor_new-utils-adapt-method-mode_1779944676278.terminal.txt,/workspace/outputs/platform/home/.copilot/session-state/6576cfb4-f31e-47c4-9bbd-c10e9979d3fe/events.jsonl,/workspace/benchmarks/refactorbench/outputs/logs/base_single-agent_copilot_qwen_qwen3.6-flash/django_refactor_new-utils-adapt-method-mode_1779944676278.response.txt,3,3,"/workspace/benchmarks/refactorbench/outputs/workspaces/django_refactor_new-utils-adapt-method-mode_1779944676278/repo/django/_refbench_ast_compat.py:2: DeprecationWarning: ast.Str is deprecated and will be removed in Python 3.14; use ast.Constant instead
2026-05-28T05:07:07.597471Z,refbench,benchmark_pipeline_20260528_040832,single-agent,django_refactor,new-utils-check-response,success,0,60.11,2026-05-28T05:07:07Z,,,,,,/workspace/benchmarks/refactorbench/outputs/logs/base_single-agent_copilot_qwen_qwen3.6-flash/django_refactor_new-utils-check-response_1779944763353.terminal.txt,/workspace/outputs/platform/home/.copilot/session-state/2c096af5-c3ac-48c2-ad0d-eb4103793f8f/events.jsonl,/workspace/benchmarks/refactorbench/outputs/logs/base_single-agent_copilot_qwen_qwen3.6-flash/django_refactor_new-utils-check-response_1779944763353.response.txt,2,2,"/workspace/benchmarks/refactorbench/outputs/workspaces/django_refactor_new-utils-check-response_1779944763353/repo/django/_refbench_ast_compat.py:2: DeprecationWarning: ast.Str is deprecated and will be removed in Python 3.14; use ast.Constant instead
2026-05-28T05:08:34.469388Z,refbench,benchmark_pipeline_20260528_040832,single-agent,django_refactor,new-utils-path-from-module,success,0,82.24,2026-05-28T05:08:34Z,,,,,,/workspace/benchmarks/refactorbench/outputs/logs/base_single-agent_copilot_qwen_qwen3.6-flash/django_refactor_new-utils-path-from-module_1779944827992.terminal.txt,/workspace/outputs/platform/home/.copilot/session-state/1eb685f9-ef66-40bd-ae02-7a78862e3e32/events.jsonl,/workspace/benchmarks/refactorbench/outputs/logs/base_single-agent_copilot_qwen_qwen3.6-flash/django_refactor_new-utils-path-from-module_1779944827992.response.txt,2,2,"/workspace/benchmarks/refactorbench/outputs/workspaces/django_refactor_new-utils-path-from-module_1779944827992/repo/django/_refbench_ast_compat.py:2: DeprecationWarning: ast.Str is deprecated and will be removed in Python 3.14; use ast.Constant instead
2026-05-28T05:09:37.323834Z,refbench,benchmark_pipeline_20260528_040832,single-agent,django_refactor,remove-core-cache-utils,failed,0,58.27,2026-05-28T05:09:37Z,,,,,,/workspace/benchmarks/refactorbench/outputs/logs/base_single-agent_copilot_qwen_qwen3.6-flash/django_refactor_remove-core-cache-utils_1779944914841.terminal.txt,/workspace/outputs/platform/home/.copilot/session-state/3971cbfa-f192-44d8-9853-5c9d0d1f41b5/events.jsonl,/workspace/benchmarks/refactorbench/outputs/logs/base_single-agent_copilot_qwen_qwen3.6-flash/django_refactor_remove-core-cache-utils_1779944914841.response.txt,4,5,"/workspace/benchmarks/refactorbench/outputs/workspaces/django_refactor_remove-core-cache-utils_1779944914841/repo/django/_refbench_ast_compat.py:2: DeprecationWarning: ast.Str is deprecated and will be removed in Python 3.14; use ast.Constant instead
2026-05-28T05:17:06.119322Z,refbench,benchmark_pipeline_20260528_040832,single-agent,django_refactor,remove-db-models-constants,success,0,444.07,2026-05-28T05:17:06Z,,,,,,/workspace/benchmarks/refactorbench/outputs/logs/base_single-agent_copilot_qwen_qwen3.6-flash/django_refactor_remove-db-models-constants_1779944977699.terminal.txt,/workspace/outputs/platform/home/.copilot/session-state/d80a3720-735d-42b2-a389-b9e813097d24/events.jsonl,/workspace/benchmarks/refactorbench/outputs/logs/base_single-agent_copilot_qwen_qwen3.6-flash/django_refactor_remove-db-models-constants_1779944977699.response.txt,19,19,"/workspace/benchmarks/refactorbench/outputs/workspaces/django_refactor_remove-db-models-constants_1779944977699/repo/django/_refbench_ast_compat.py:2: DeprecationWarning: ast.Str is deprecated and will be removed in Python 3.14; use ast.Constant instead
2026-05-28T05:19:22.639617Z,refbench,benchmark_pipeline_20260528_040832,single-agent,django_refactor,rename-file-move-safe,success,0,131.93,2026-05-28T05:19:22Z,,,,,,/workspace/benchmarks/refactorbench/outputs/logs/base_single-agent_copilot_qwen_qwen3.6-flash/django_refactor_rename-file-move-safe_1779945426493.terminal.txt,/workspace/outputs/platform/home/.copilot/session-state/6a4e1186-c8fc-423f-83f8-94e9dfd978d2/events.jsonl,/workspace/benchmarks/refactorbench/outputs/logs/base_single-agent_copilot_qwen_qwen3.6-flash/django_refactor_rename-file-move-safe_1779945426493.response.txt,6,6,"/workspace/benchmarks/refactorbench/outputs/workspaces/django_refactor_rename-file-move-safe_1779945426493/repo/django/_refbench_ast_compat.py:2: DeprecationWarning: ast.Str is deprecated and will be removed in Python 3.14; use ast.Constant instead
2026-05-28T05:20:19.305604Z,refbench,benchmark_pipeline_20260528_040832,single-agent,django_refactor,split-parse-apps-and-model-labels,failed,0,52.09,2026-05-28T05:20:19Z,,,,,,/workspace/benchmarks/refactorbench/outputs/logs/base_single-agent_copilot_qwen_qwen3.6-flash/django_refactor_split-parse-apps-and-model-labels_1779945563010.terminal.txt,/workspace/outputs/platform/home/.copilot/session-state/672b1503-081d-4ebb-86de-fc06075c89f9/events.jsonl,/workspace/benchmarks/refactorbench/outputs/logs/base_single-agent_copilot_qwen_qwen3.6-flash/django_refactor_split-parse-apps-and-model-labels_1779945563010.response.txt,2,5,"/workspace/benchmarks/refactorbench/outputs/workspaces/django_refactor_split-parse-apps-and-model-labels_1779945563010/repo/django/_refbench_ast_compat.py:2: DeprecationWarning: ast.Str is deprecated and will be removed in Python 3.14; use ast.Constant instead
2026-05-28T05:21:24.614721Z,refbench,benchmark_pipeline_20260528_040832,single-agent,fastapi_refactor,add-log-parameter-generate-option-id-for-path,success,0,62.36,2026-05-28T05:21:24Z,,,,,,/workspace/benchmarks/refactorbench/outputs/logs/base_single-agent_copilot_qwen_qwen3.6-flash/fastapi_refactor_add-log-parameter-generate-option-id-for-path_1779945619682.terminal.txt,/workspace/outputs/platform/home/.copilot/session-state/1ffb8238-8819-4444-8e7f-315f77b8741c/events.jsonl,/workspace/benchmarks/refactorbench/outputs/logs/base_single-agent_copilot_qwen_qwen3.6-flash/fastapi_refactor_add-log-parameter-generate-option-id-for-path_1779945619682.response.txt,5,5,"/workspace/benchmarks/refactorbench/outputs/workspaces/fastapi_refactor_add-log-parameter-generate-option-id-for-path_1779945619682/repo/fastapi/_refbench_ast_compat.py:2: DeprecationWarning: ast.Str is deprecated and will be removed in Python 3.14; use ast.Constant instead
2026-05-28T05:23:26.094747Z,refbench,benchmark_pipeline_20260528_040832,single-agent,fastapi_refactor,exception-handlers-to-handlers,failed,0,119.33,2026-05-28T05:23:26Z,,,,,,/workspace/benchmarks/refactorbench/outputs/logs/base_single-agent_copilot_qwen_qwen3.6-flash/fastapi_refactor_exception-handlers-to-handlers_1779945684984.terminal.txt,/workspace/outputs/platform/home/.copilot/session-state/6c8a903e-1751-4e07-8d5c-ada848b4deaa/events.jsonl,/workspace/benchmarks/refactorbench/outputs/logs/base_single-agent_copilot_qwen_qwen3.6-flash/fastapi_refactor_exception-handlers-to-handlers_1779945684984.response.txt,11,12,"/workspace/benchmarks/refactorbench/outputs/workspaces/fastapi_refactor_exception-handlers-to-handlers_1779945684984/repo/fastapi/_refbench_ast_compat.py:2: DeprecationWarning: ast.Str is deprecated and will be removed in Python 3.14; use ast.Constant instead
2026-05-28T05:24:26.627740Z,refbench,benchmark_pipeline_20260528_040832,single-agent,fastapi_refactor,get-auth-scheme-param,success,0,58.38,2026-05-28T05:24:26Z,,,,,,/workspace/benchmarks/refactorbench/outputs/logs/base_single-agent_copilot_qwen_qwen3.6-flash/fastapi_refactor_get-auth-scheme-param_1779945806478.terminal.txt,/workspace/outputs/platform/home/.copilot/session-state/d87d7523-b828-4d47-b19f-e65eceb685fb/events.jsonl,/workspace/benchmarks/refactorbench/outputs/logs/base_single-agent_copilot_qwen_qwen3.6-flash/fastapi_refactor_get-auth-scheme-param_1779945806478.response.txt,6,6,"/workspace/benchmarks/refactorbench/outputs/workspaces/fastapi_refactor_get-auth-scheme-param_1779945806478/repo/fastapi/_refbench_ast_compat.py:2: DeprecationWarning: ast.Str is deprecated and will be removed in Python 3.14; use ast.Constant instead
2026-05-28T05:25:37.367124Z,refbench,benchmark_pipeline_20260528_040832,single-agent,fastapi_refactor,openapi-get-utils,success,0,68.57,2026-05-28T05:25:37Z,,,,,,/workspace/benchmarks/refactorbench/outputs/logs/base_single-agent_copilot_qwen_qwen3.6-flash/fastapi_refactor_openapi-get-utils_1779945867011.terminal.txt,/workspace/outputs/platform/home/.copilot/session-state/4539ff66-c2c9-41ab-b162-0212eb34f632/events.jsonl,/workspace/benchmarks/refactorbench/outputs/logs/base_single-agent_copilot_qwen_qwen3.6-flash/fastapi_refactor_openapi-get-utils_1779945867011.response.txt,9,9,"/workspace/benchmarks/refactorbench/outputs/workspaces/fastapi_refactor_openapi-get-utils_1779945867011/repo/fastapi/_refbench_ast_compat.py:2: DeprecationWarning: ast.Str is deprecated and will be removed in Python 3.14; use ast.Constant instead
2026-05-28T05:27:00.114224Z,refbench,benchmark_pipeline_20260528_040832,single-agent,fastapi_refactor,params-to-param,failed,0,80.45,2026-05-28T05:27:00Z,,,,,,/workspace/benchmarks/refactorbench/outputs/logs/base_single-agent_copilot_qwen_qwen3.6-flash/fastapi_refactor_params-to-param_1779945937745.terminal.txt,/workspace/outputs/platform/home/.copilot/session-state/5ae99da2-47d6-4dca-8ff7-c501edf4a3b8/events.jsonl,/workspace/benchmarks/refactorbench/outputs/logs/base_single-agent_copilot_qwen_qwen3.6-flash/fastapi_refactor_params-to-param_1779945937745.response.txt,10,22,"/workspace/benchmarks/refactorbench/outputs/workspaces/fastapi_refactor_params-to-param_1779945937745/repo/fastapi/_refbench_ast_compat.py:2: DeprecationWarning: ast.Str is deprecated and will be removed in Python 3.14; use ast.Constant instead
2026-05-28T05:27:36.232427Z,refbench,benchmark_pipeline_20260528_040832,single-agent,fastapi_refactor,value-is-a-sequence,success,0,33.89,2026-05-28T05:27:36Z,,,,,,/workspace/benchmarks/refactorbench/outputs/logs/base_single-agent_copilot_qwen_qwen3.6-flash/fastapi_refactor_value-is-a-sequence_1779946020499.terminal.txt,/workspace/outputs/platform/home/.copilot/session-state/d9700dce-5908-4b74-9f81-e7dedaa091a5/events.jsonl,/workspace/benchmarks/refactorbench/outputs/logs/base_single-agent_copilot_qwen_qwen3.6-flash/fastapi_refactor_value-is-a-sequence_1779946020499.response.txt,5,5,"/workspace/benchmarks/refactorbench/outputs/workspaces/fastapi_refactor_value-is-a-sequence_1779946020499/repo/fastapi/_refbench_ast_compat.py:2: DeprecationWarning: ast.Str is deprecated and will be removed in Python 3.14; use ast.Constant instead
2026-05-28T05:28:26.999077Z,refbench,benchmark_pipeline_20260528_040832,single-agent,flask_refactor,add-log-parameter-get-debug-flag,success,0,49.93,2026-05-28T05:28:26Z,,,,,,/workspace/benchmarks/refactorbench/outputs/logs/base_single-agent_copilot_qwen_qwen3.6-flash/flask_refactor_add-log-parameter-get-debug-flag_1779946056440.terminal.txt,/workspace/outputs/platform/home/.copilot/session-state/a247cf84-ef3b-41fc-8b30-1600c9ce544a/events.jsonl,/workspace/benchmarks/refactorbench/outputs/logs/base_single-agent_copilot_qwen_qwen3.6-flash/flask_refactor_add-log-parameter-get-debug-flag_1779946056440.response.txt,7,7,"/workspace/benchmarks/refactorbench/outputs/workspaces/flask_refactor_add-log-parameter-get-debug-flag_1779946056440/repo/src/_refbench_ast_compat.py:2: DeprecationWarning: ast.Str is deprecated and will be removed in Python 3.14; use ast.Constant instead
2026-05-28T05:29:37.933201Z,refbench,benchmark_pipeline_20260528_040832,single-agent,flask_refactor,add-log-parameter-get-flashed-messages,success,0,70.22,2026-05-28T05:29:37Z,,,,,,/workspace/benchmarks/refactorbench/outputs/logs/base_single-agent_copilot_qwen_qwen3.6-flash/flask_refactor_add-log-parameter-get-flashed-messages_1779946107212.terminal.txt,/workspace/outputs/platform/home/.copilot/session-state/7b0daa0a-ec59-4584-8dd8-0bbecbbc9196/events.jsonl,/workspace/benchmarks/refactorbench/outputs/logs/base_single-agent_copilot_qwen_qwen3.6-flash/flask_refactor_add-log-parameter-get-flashed-messages_1779946107212.response.txt,3,3,"/workspace/benchmarks/refactorbench/outputs/workspaces/flask_refactor_add-log-parameter-get-flashed-messages_1779946107212/repo/src/_refbench_ast_compat.py:2: DeprecationWarning: ast.Str is deprecated and will be removed in Python 3.14; use ast.Constant instead
2026-05-28T05:29:54.068772Z,refbench,benchmark_pipeline_20260528_040832,single-agent,flask_refactor,debughelpers-to-helpers.py,timed_out,1,15.36,2026-05-28T05:29:54Z,,,,,,/workspace/benchmarks/refactorbench/outputs/logs/base_single-agent_copilot_qwen_qwen3.6-flash/flask_refactor_debughelpers-to-helpers.py_1779946178149.terminal.txt,/workspace/outputs/platform/home/.copilot/session-state/7b0daa0a-ec59-4584-8dd8-0bbecbbc9196/events.jsonl,/workspace/benchmarks/refactorbench/outputs/logs/base_single-agent_copilot_qwen_qwen3.6-flash/flask_refactor_debughelpers-to-helpers.py_1779946178149.response.txt,,5,No repository changes detected from Copilot response.
2026-05-28T05:30:58.033017Z,refbench,benchmark_pipeline_20260528_040832,single-agent,flask_refactor,rename-send-from-directory,timed_out,1,63.13,2026-05-28T05:30:58Z,,,,,,/workspace/benchmarks/refactorbench/outputs/logs/base_single-agent_copilot_qwen_qwen3.6-flash/flask_refactor_rename-send-from-directory_1779946194318.terminal.txt,/workspace/outputs/platform/home/.copilot/session-state/6bfb86da-76d1-4fdf-b37e-e9d7fb99ce11/events.jsonl,/workspace/benchmarks/refactorbench/outputs/logs/base_single-agent_copilot_qwen_qwen3.6-flash/flask_refactor_rename-send-from-directory_1779946194318.response.txt,1,4,No repository changes detected from Copilot response.
2026-05-28T05:32:13.145045Z,refbench,benchmark_pipeline_20260528_040832,single-agent,flask_refactor,render-template-str,success,0,74.38,2026-05-28T05:32:13Z,,,,,,/workspace/benchmarks/refactorbench/outputs/logs/base_single-agent_copilot_qwen_qwen3.6-flash/flask_refactor_render-template-str_1779946258243.terminal.txt,/workspace/outputs/platform/home/.copilot/session-state/6c516ae1-4051-4768-adf1-930a2340ac70/events.jsonl,/workspace/benchmarks/refactorbench/outputs/logs/base_single-agent_copilot_qwen_qwen3.6-flash/flask_refactor_render-template-str_1779946258243.response.txt,10,10,"/workspace/benchmarks/refactorbench/outputs/workspaces/flask_refactor_render-template-str_1779946258243/repo/src/_refbench_ast_compat.py:2: DeprecationWarning: ast.Str is deprecated and will be removed in Python 3.14; use ast.Constant instead
2026-05-28T05:32:51.504304Z,refbench,benchmark_pipeline_20260528_040832,single-agent,flask_refactor,stream-template-str,failed,0,37.62,2026-05-28T05:32:51Z,,,,,,/workspace/benchmarks/refactorbench/outputs/logs/base_single-agent_copilot_qwen_qwen3.6-flash/flask_refactor_stream-template-str_1779946333382.terminal.txt,/workspace/outputs/platform/home/.copilot/session-state/52dd1741-f63f-44c1-9a2f-77994e667064/events.jsonl,/workspace/benchmarks/refactorbench/outputs/logs/base_single-agent_copilot_qwen_qwen3.6-flash/flask_refactor_stream-template-str_1779946333382.response.txt,3,4,"/workspace/benchmarks/refactorbench/outputs/workspaces/flask_refactor_stream-template-str_1779946333382/repo/src/_refbench_ast_compat.py:2: DeprecationWarning: ast.Str is deprecated and will be removed in Python 3.14; use ast.Constant instead
2026-05-28T05:33:40.057679Z,refbench,benchmark_pipeline_20260528_040832,single-agent,requests_refactor,add-log-parameter-get-encoding-from-headers,failed,0,47.8,2026-05-28T05:33:40Z,,,,,,/workspace/benchmarks/refactorbench/outputs/logs/base_single-agent_copilot_qwen_qwen3.6-flash/requests_refactor_add-log-parameter-get-encoding-from-headers_1779946371538.terminal.txt,/workspace/outputs/platform/home/.copilot/session-state/947a9e3a-5974-4326-b365-02b73c65875c/events.jsonl,/workspace/benchmarks/refactorbench/outputs/logs/base_single-agent_copilot_qwen_qwen3.6-flash/requests_refactor_add-log-parameter-get-encoding-from-headers_1779946371538.response.txt,2,3,"/workspace/benchmarks/refactorbench/outputs/workspaces/requests_refactor_add-log-parameter-get-encoding-from-headers_1779946371538/repo/src/_refbench_ast_compat.py:2: DeprecationWarning: ast.Str is deprecated and will be removed in Python 3.14; use ast.Constant instead
2026-05-28T05:34:42.667659Z,refbench,benchmark_pipeline_20260528_040832,single-agent,requests_refactor,add-log-parameter-resolve-proxies,success,0,62.04,2026-05-28T05:34:42Z,,,,,,/workspace/benchmarks/refactorbench/outputs/logs/base_single-agent_copilot_qwen_qwen3.6-flash/requests_refactor_add-log-parameter-resolve-proxies_1779946420088.terminal.txt,/workspace/outputs/platform/home/.copilot/session-state/99f86ab6-772f-4b78-b09e-74ea696c5227/events.jsonl,/workspace/benchmarks/refactorbench/outputs/logs/base_single-agent_copilot_qwen_qwen3.6-flash/requests_refactor_add-log-parameter-resolve-proxies_1779946420088.response.txt,2,2,"/workspace/benchmarks/refactorbench/outputs/workspaces/requests_refactor_add-log-parameter-resolve-proxies_1779946420088/repo/src/_refbench_ast_compat.py:2: DeprecationWarning: ast.Str is deprecated and will be removed in Python 3.14; use ast.Constant instead
2026-05-28T05:35:29.114124Z,refbench,benchmark_pipeline_20260528_040832,single-agent,requests_refactor,add-log-parameter-select-proxy,timed_out,1,45.88,2026-05-28T05:35:29Z,,,,,,/workspace/benchmarks/refactorbench/outputs/logs/base_single-agent_copilot_qwen_qwen3.6-flash/requests_refactor_add-log-parameter-select-proxy_1779946482698.terminal.txt,/workspace/outputs/platform/home/.copilot/session-state/17f5641e-4e39-4390-a535-250d2773ac67/events.jsonl,/workspace/benchmarks/refactorbench/outputs/logs/base_single-agent_copilot_qwen_qwen3.6-flash/requests_refactor_add-log-parameter-select-proxy_1779946482698.response.txt,,2,No repository changes detected from Copilot response.
2026-05-28T05:36:54.054251Z,refbench,benchmark_pipeline_20260528_040832,single-agent,requests_refactor,combine-from-key-to-key,success,0,84.28,2026-05-28T05:36:54Z,,,,,,/workspace/benchmarks/refactorbench/outputs/logs/base_single-agent_copilot_qwen_qwen3.6-flash/requests_refactor_combine-from-key-to-key_1779946529151.terminal.txt,/workspace/outputs/platform/home/.copilot/session-state/c9679b80-702b-49f7-b87e-2927b70682f0/events.jsonl,/workspace/benchmarks/refactorbench/outputs/logs/base_single-agent_copilot_qwen_qwen3.6-flash/requests_refactor_combine-from-key-to-key_1779946529151.response.txt,5,5,"/workspace/benchmarks/refactorbench/outputs/workspaces/requests_refactor_combine-from-key-to-key_1779946529151/repo/src/_refbench_ast_compat.py:2: DeprecationWarning: ast.Str is deprecated and will be removed in Python 3.14; use ast.Constant instead
2026-05-28T05:40:28.910149Z,refbench,benchmark_pipeline_20260528_040832,single-agent,requests_refactor,combine-internal-utils-utils,failed,0,214.26,2026-05-28T05:40:28Z,,,,,,/workspace/benchmarks/refactorbench/outputs/logs/base_single-agent_copilot_qwen_qwen3.6-flash/requests_refactor_combine-internal-utils-utils_1779946614085.terminal.txt,/workspace/outputs/platform/home/.copilot/session-state/3d486ca4-af2d-4fc8-a89c-edf7acb8f803/events.jsonl,/workspace/benchmarks/refactorbench/outputs/logs/base_single-agent_copilot_qwen_qwen3.6-flash/requests_refactor_combine-internal-utils-utils_1779946614085.response.txt,1,7,"/workspace/benchmarks/refactorbench/outputs/workspaces/requests_refactor_combine-internal-utils-utils_1779946614085/repo/src/_refbench_ast_compat.py:2: DeprecationWarning: ast.Str is deprecated and will be removed in Python 3.14; use ast.Constant instead
2026-05-28T05:48:21.850108Z,refbench,benchmark_pipeline_20260528_040832,single-agent,requests_refactor,move-hooks-sessions,failed,0,472.27,2026-05-28T05:48:21Z,,,,,,/workspace/benchmarks/refactorbench/outputs/logs/base_single-agent_copilot_qwen_qwen3.6-flash/requests_refactor_move-hooks-sessions_1779946828942.terminal.txt,/workspace/outputs/platform/home/.copilot/session-state/06e1082b-6b85-4a8f-ba25-5bda0353183c/events.jsonl,/workspace/benchmarks/refactorbench/outputs/logs/base_single-agent_copilot_qwen_qwen3.6-flash/requests_refactor_move-hooks-sessions_1779946828942.response.txt,4,7,"/workspace/benchmarks/refactorbench/outputs/workspaces/requests_refactor_move-hooks-sessions_1779946828942/repo/src/_refbench_ast_compat.py:2: DeprecationWarning: ast.Str is deprecated and will be removed in Python 3.14; use ast.Constant instead
2026-05-28T05:52:42.352103Z,refbench,benchmark_pipeline_20260528_040832,single-agent,requests_refactor,new-cookie-utils-class,failed,0,259.88,2026-05-28T05:52:42Z,,,,,,/workspace/benchmarks/refactorbench/outputs/logs/base_single-agent_copilot_qwen_qwen3.6-flash/requests_refactor_new-cookie-utils-class_1779947301870.terminal.txt,/workspace/outputs/platform/home/.copilot/session-state/808da5a5-4d4a-4f2c-b841-a66014c5af0c/events.jsonl,/workspace/benchmarks/refactorbench/outputs/logs/base_single-agent_copilot_qwen_qwen3.6-flash/requests_refactor_new-cookie-utils-class_1779947301870.response.txt,,4,"/workspace/benchmarks/refactorbench/outputs/workspaces/requests_refactor_new-cookie-utils-class_1779947301870/repo/src/_refbench_ast_compat.py:2: DeprecationWarning: ast.Str is deprecated and will be removed in Python 3.14; use ast.Constant instead
2026-05-28T05:53:34.823276Z,refbench,benchmark_pipeline_20260528_040832,single-agent,requests_refactor,rename-lookup-dict-dict-lookup,success,0,51.92,2026-05-28T05:53:34Z,,,,,,/workspace/benchmarks/refactorbench/outputs/logs/base_single-agent_copilot_qwen_qwen3.6-flash/requests_refactor_rename-lookup-dict-dict-lookup_1779947562372.terminal.txt,/workspace/outputs/platform/home/.copilot/session-state/bf485b40-6b66-49d0-be5b-46f96e8cccb6/events.jsonl,/workspace/benchmarks/refactorbench/outputs/logs/base_single-agent_copilot_qwen_qwen3.6-flash/requests_refactor_rename-lookup-dict-dict-lookup_1779947562372.response.txt,7,7,"/workspace/benchmarks/refactorbench/outputs/workspaces/requests_refactor_rename-lookup-dict-dict-lookup_1779947562372/repo/src/_refbench_ast_compat.py:2: DeprecationWarning: ast.Str is deprecated and will be removed in Python 3.14; use ast.Constant instead
2026-05-28T05:54:43.563292Z,refbench,benchmark_pipeline_20260528_040832,single-agent,requests_refactor,rename-super-len-complex-len,failed,0,68.15,2026-05-28T05:54:43Z,,,,,,/workspace/benchmarks/refactorbench/outputs/logs/base_single-agent_copilot_qwen_qwen3.6-flash/requests_refactor_rename-super-len-complex-len_1779947614842.terminal.txt,/workspace/outputs/platform/home/.copilot/session-state/2f81deb0-9447-4021-a0c2-b3e8b3dd2a77/events.jsonl,/workspace/benchmarks/refactorbench/outputs/logs/base_single-agent_copilot_qwen_qwen3.6-flash/requests_refactor_rename-super-len-complex-len_1779947614842.response.txt,2,3,"/workspace/benchmarks/refactorbench/outputs/workspaces/requests_refactor_rename-super-len-complex-len_1779947614842/repo/src/_refbench_ast_compat.py:2: DeprecationWarning: ast.Str is deprecated and will be removed in Python 3.14; use ast.Constant instead
2026-05-28T05:56:10.494487Z,refbench,benchmark_pipeline_20260528_040832,single-agent,requests_refactor,split-warnings-exceptions,success,0,86.35,2026-05-28T05:56:10Z,,,,,,/workspace/benchmarks/refactorbench/outputs/logs/base_single-agent_copilot_qwen_qwen3.6-flash/requests_refactor_split-warnings-exceptions_1779947683584.terminal.txt,/workspace/outputs/platform/home/.copilot/session-state/e8b795f7-facb-4a55-9c91-e65341e8d376/events.jsonl,/workspace/benchmarks/refactorbench/outputs/logs/base_single-agent_copilot_qwen_qwen3.6-flash/requests_refactor_split-warnings-exceptions_1779947683584.response.txt,9,9,"/workspace/benchmarks/refactorbench/outputs/workspaces/requests_refactor_split-warnings-exceptions_1779947683584/repo/src/_refbench_ast_compat.py:2: DeprecationWarning: ast.Str is deprecated and will be removed in Python 3.14; use ast.Constant instead
2026-05-28T05:57:03.257265Z,refbench,benchmark_pipeline_20260528_040832,single-agent,salt_refactor,add-log-parameter-delete-directory,success,0,47.97,2026-05-28T05:57:03Z,,,,,,/workspace/benchmarks/refactorbench/outputs/logs/base_single-agent_copilot_qwen_qwen3.6-flash/salt_refactor_add-log-parameter-delete-directory_1779947770514.terminal.txt,/workspace/outputs/platform/home/.copilot/session-state/dea7fcf0-49c4-4486-ba9a-f74c13d8647b/events.jsonl,/workspace/benchmarks/refactorbench/outputs/logs/base_single-agent_copilot_qwen_qwen3.6-flash/salt_refactor_add-log-parameter-delete-directory_1779947770514.response.txt,4,4,"/workspace/benchmarks/refactorbench/outputs/workspaces/salt_refactor_add-log-parameter-delete-directory_1779947770514/repo/salt/_refbench_ast_compat.py:2: DeprecationWarning: ast.Str is deprecated and will be removed in Python 3.14; use ast.Constant instead
2026-05-28T05:58:58.924194Z,refbench,benchmark_pipeline_20260528_040832,single-agent,salt_refactor,add-log-parameter-get-capability-definitions,success,0,112.41,2026-05-28T05:58:58Z,,,,,,/workspace/benchmarks/refactorbench/outputs/logs/base_single-agent_copilot_qwen_qwen3.6-flash/salt_refactor_add-log-parameter-get-capability-definitions_1779947823278.terminal.txt,/workspace/outputs/platform/home/.copilot/session-state/1f8c1a76-c8d5-45e8-a0e5-4126fe1841d7/events.jsonl,/workspace/benchmarks/refactorbench/outputs/logs/base_single-agent_copilot_qwen_qwen3.6-flash/salt_refactor_add-log-parameter-get-capability-definitions_1779947823278.response.txt,3,3,"/workspace/benchmarks/refactorbench/outputs/workspaces/salt_refactor_add-log-parameter-get-capability-definitions_1779947823278/repo/salt/_refbench_ast_compat.py:2: DeprecationWarning: ast.Str is deprecated and will be removed in Python 3.14; use ast.Constant instead
2026-05-28T06:01:03.836176Z,refbench,benchmark_pipeline_20260528_040832,single-agent,salt_refactor,add-log-parameter-recursive-diff,success,0,121.55,2026-05-28T06:01:03Z,,,,,,/workspace/benchmarks/refactorbench/outputs/logs/base_single-agent_copilot_qwen_qwen3.6-flash/salt_refactor_add-log-parameter-recursive-diff_1779947938944.terminal.txt,/workspace/outputs/platform/home/.copilot/session-state/9304110d-c64c-48e0-a2a5-3d346d5504a1/events.jsonl,/workspace/benchmarks/refactorbench/outputs/logs/base_single-agent_copilot_qwen_qwen3.6-flash/salt_refactor_add-log-parameter-recursive-diff_1779947938944.response.txt,6,6,"/workspace/benchmarks/refactorbench/outputs/workspaces/salt_refactor_add-log-parameter-recursive-diff_1779947938944/repo/salt/_refbench_ast_compat.py:2: DeprecationWarning: ast.Str is deprecated and will be removed in Python 3.14; use ast.Constant instead
2026-05-28T06:01:55.829432Z,refbench,benchmark_pipeline_20260528_040832,single-agent,salt_refactor,cant-create,failed,0,48.69,2026-05-28T06:01:55Z,,,,,,/workspace/benchmarks/refactorbench/outputs/logs/base_single-agent_copilot_qwen_qwen3.6-flash/salt_refactor_cant-create_1779948063858.terminal.txt,/workspace/outputs/platform/home/.copilot/session-state/c401e942-b7d6-4290-b3c3-6b6e89d7c833/events.jsonl,/workspace/benchmarks/refactorbench/outputs/logs/base_single-agent_copilot_qwen_qwen3.6-flash/salt_refactor_cant-create_1779948063858.response.txt,6,8,"/workspace/benchmarks/refactorbench/outputs/workspaces/salt_refactor_cant-create_1779948063858/repo/salt/_refbench_ast_compat.py:2: DeprecationWarning: ast.Str is deprecated and will be removed in Python 3.14; use ast.Constant instead
2026-05-28T06:02:58.273033Z,refbench,benchmark_pipeline_20260528_040832,single-agent,salt_refactor,channel-to-transport,failed,0,59.14,2026-05-28T06:02:58Z,,,,,,/workspace/benchmarks/refactorbench/outputs/logs/base_single-agent_copilot_qwen_qwen3.6-flash/salt_refactor_channel-to-transport_1779948115848.terminal.txt,/workspace/outputs/platform/home/.copilot/session-state/80afbd9d-581e-4d5e-bbe7-286c05900605/events.jsonl,/workspace/benchmarks/refactorbench/outputs/logs/base_single-agent_copilot_qwen_qwen3.6-flash/salt_refactor_channel-to-transport_1779948115848.response.txt,3,6,"/workspace/benchmarks/refactorbench/outputs/workspaces/salt_refactor_channel-to-transport_1779948115848/repo/salt/_refbench_ast_compat.py:2: DeprecationWarning: ast.Str is deprecated and will be removed in Python 3.14; use ast.Constant instead
2026-05-28T06:03:50.051276Z,refbench,benchmark_pipeline_20260528_040832,single-agent,salt_refactor,ex-pillar-fail,success,0,48.33,2026-05-28T06:03:50Z,,,,,,/workspace/benchmarks/refactorbench/outputs/logs/base_single-agent_copilot_qwen_qwen3.6-flash/salt_refactor_ex-pillar-fail_1779948178292.terminal.txt,/workspace/outputs/platform/home/.copilot/session-state/25bdbe2b-25f8-422b-91f0-1e35c97626d5/events.jsonl,/workspace/benchmarks/refactorbench/outputs/logs/base_single-agent_copilot_qwen_qwen3.6-flash/salt_refactor_ex-pillar-fail_1779948178292.response.txt,5,5,"/workspace/benchmarks/refactorbench/outputs/workspaces/salt_refactor_ex-pillar-fail_1779948178292/repo/salt/_refbench_ast_compat.py:2: DeprecationWarning: ast.Str is deprecated and will be removed in Python 3.14; use ast.Constant instead
2026-05-28T06:04:38.902097Z,refbench,benchmark_pipeline_20260528_040832,single-agent,salt_refactor,ex-state-fail,failed,0,45.12,2026-05-28T06:04:38Z,,,,,,/workspace/benchmarks/refactorbench/outputs/logs/base_single-agent_copilot_qwen_qwen3.6-flash/salt_refactor_ex-state-fail_1779948230463.terminal.txt,/workspace/outputs/platform/home/.copilot/session-state/08395a7f-4cd4-47f8-acb7-27bf765c563b/events.jsonl,/workspace/benchmarks/refactorbench/outputs/logs/base_single-agent_copilot_qwen_qwen3.6-flash/salt_refactor_ex-state-fail_1779948230463.response.txt,5,6,"/workspace/benchmarks/refactorbench/outputs/workspaces/salt_refactor_ex-state-fail_1779948230463/repo/salt/_refbench_ast_compat.py:2: DeprecationWarning: ast.Str is deprecated and will be removed in Python 3.14; use ast.Constant instead
2026-05-28T06:06:46.297161Z,refbench,benchmark_pipeline_20260528_040832,single-agent,salt_refactor,exactly-n-boto-mod,failed,0,123.61,2026-05-28T06:06:46Z,,,,,,/workspace/benchmarks/refactorbench/outputs/logs/base_single-agent_copilot_qwen_qwen3.6-flash/salt_refactor_exactly-n-boto-mod_1779948279328.terminal.txt,/workspace/outputs/platform/home/.copilot/session-state/c89710ba-fbe0-4ee3-badb-3f66b6431579/events.jsonl,/workspace/benchmarks/refactorbench/outputs/logs/base_single-agent_copilot_qwen_qwen3.6-flash/salt_refactor_exactly-n-boto-mod_1779948279328.response.txt,2,4,"/workspace/benchmarks/refactorbench/outputs/workspaces/salt_refactor_exactly-n-boto-mod_1779948279328/repo/salt/_refbench_ast_compat.py:2: DeprecationWarning: ast.Str is deprecated and will be removed in Python 3.14; use ast.Constant instead
2026-05-28T06:07:33.623662Z,refbench,benchmark_pipeline_20260528_040832,single-agent,salt_refactor,get-unavail,success,0,43.57,2026-05-28T06:07:33Z,,,,,,/workspace/benchmarks/refactorbench/outputs/logs/base_single-agent_copilot_qwen_qwen3.6-flash/salt_refactor_get-unavail_1779948406711.terminal.txt,/workspace/outputs/platform/home/.copilot/session-state/1a2e2225-d9ab-4e49-9331-4de43251a4b9/events.jsonl,/workspace/benchmarks/refactorbench/outputs/logs/base_single-agent_copilot_qwen_qwen3.6-flash/salt_refactor_get-unavail_1779948406711.response.txt,10,10,"/workspace/benchmarks/refactorbench/outputs/workspaces/salt_refactor_get-unavail_1779948406711/repo/salt/_refbench_ast_compat.py:2: DeprecationWarning: ast.Str is deprecated and will be removed in Python 3.14; use ast.Constant instead
2026-05-28T06:08:38.749369Z,refbench,benchmark_pipeline_20260528_040832,single-agent,salt_refactor,iam-to-aws,success,0,61.48,2026-05-28T06:08:38Z,,,,,,/workspace/benchmarks/refactorbench/outputs/logs/base_single-agent_copilot_qwen_qwen3.6-flash/salt_refactor_iam-to-aws_1779948454034.terminal.txt,/workspace/outputs/platform/home/.copilot/session-state/b412f147-ad2b-4c0c-a731-a36ea44aeaa2/events.jsonl,/workspace/benchmarks/refactorbench/outputs/logs/base_single-agent_copilot_qwen_qwen3.6-flash/salt_refactor_iam-to-aws_1779948454034.response.txt,5,5,"/workspace/benchmarks/refactorbench/outputs/workspaces/salt_refactor_iam-to-aws_1779948454034/repo/salt/_refbench_ast_compat.py:2: DeprecationWarning: ast.Str is deprecated and will be removed in Python 3.14; use ast.Constant instead
2026-05-28T06:09:41.735424Z,refbench,benchmark_pipeline_20260528_040832,single-agent,salt_refactor,mksls-to-specific,success,0,59.12,2026-05-28T06:09:41Z,,,,,,/workspace/benchmarks/refactorbench/outputs/logs/base_single-agent_copilot_qwen_qwen3.6-flash/salt_refactor_mksls-to-specific_1779948519165.terminal.txt,/workspace/outputs/platform/home/.copilot/session-state/17951c09-7bbb-4810-b3dd-3b30fb2bc7f9/events.jsonl,/workspace/benchmarks/refactorbench/outputs/logs/base_single-agent_copilot_qwen_qwen3.6-flash/salt_refactor_mksls-to-specific_1779948519165.response.txt,6,6,"/workspace/benchmarks/refactorbench/outputs/workspaces/salt_refactor_mksls-to-specific_1779948519165/repo/salt/_refbench_ast_compat.py:2: DeprecationWarning: ast.Str is deprecated and will be removed in Python 3.14; use ast.Constant instead
2026-05-28T06:11:46.901527Z,refbench,benchmark_pipeline_20260528_040832,single-agent,salt_refactor,namecheap-xmlutil,success,0,121.54,2026-05-28T06:11:46Z,,,,,,/workspace/benchmarks/refactorbench/outputs/logs/base_single-agent_copilot_qwen_qwen3.6-flash/salt_refactor_namecheap-xmlutil_1779948582147.terminal.txt,/workspace/outputs/platform/home/.copilot/session-state/542e4b16-8a98-40a0-bbd8-9a1db074edf2/events.jsonl,/workspace/benchmarks/refactorbench/outputs/logs/base_single-agent_copilot_qwen_qwen3.6-flash/salt_refactor_namecheap-xmlutil_1779948582147.response.txt,6,6,"/workspace/benchmarks/refactorbench/outputs/workspaces/salt_refactor_namecheap-xmlutil_1779948582147/repo/salt/_refbench_ast_compat.py:2: DeprecationWarning: ast.Str is deprecated and will be removed in Python 3.14; use ast.Constant instead
2026-05-28T06:13:03.459976Z,refbench,benchmark_pipeline_20260528_040832,single-agent,salt_refactor,paged-call-boto-mod,failed,0,72.86,2026-05-28T06:13:03Z,,,,,,/workspace/benchmarks/refactorbench/outputs/logs/base_single-agent_copilot_qwen_qwen3.6-flash/salt_refactor_paged-call-boto-mod_1779948707321.terminal.txt,/workspace/outputs/platform/home/.copilot/session-state/ba1153a1-a80b-4e03-a0a2-e62137178d4c/events.jsonl,/workspace/benchmarks/refactorbench/outputs/logs/base_single-agent_copilot_qwen_qwen3.6-flash/salt_refactor_paged-call-boto-mod_1779948707321.response.txt,1,4,"/workspace/benchmarks/refactorbench/outputs/workspaces/salt_refactor_paged-call-boto-mod_1779948707321/repo/salt/_refbench_ast_compat.py:2: DeprecationWarning: ast.Str is deprecated and will be removed in Python 3.14; use ast.Constant instead
2026-05-28T06:14:20.454891Z,refbench,benchmark_pipeline_20260528_040832,single-agent,salt_refactor,pem-fingerprint,success,0,73.24,2026-05-28T06:14:20Z,,,,,,/workspace/benchmarks/refactorbench/outputs/logs/base_single-agent_copilot_qwen_qwen3.6-flash/salt_refactor_pem-fingerprint_1779948783876.terminal.txt,/workspace/outputs/platform/home/.copilot/session-state/f072eaa6-d21a-46a8-a492-084f4f5dd857/events.jsonl,/workspace/benchmarks/refactorbench/outputs/logs/base_single-agent_copilot_qwen_qwen3.6-flash/salt_refactor_pem-fingerprint_1779948783876.response.txt,10,10,"/workspace/benchmarks/refactorbench/outputs/workspaces/salt_refactor_pem-fingerprint_1779948783876/repo/salt/_refbench_ast_compat.py:2: DeprecationWarning: ast.Str is deprecated and will be removed in Python 3.14; use ast.Constant instead
2026-05-28T06:15:06.474776Z,refbench,benchmark_pipeline_20260528_040832,single-agent,salt_refactor,perm-denied,failed,0,42.3,2026-05-28T06:15:06Z,,,,,,/workspace/benchmarks/refactorbench/outputs/logs/base_single-agent_copilot_qwen_qwen3.6-flash/salt_refactor_perm-denied_1779948860866.terminal.txt,/workspace/outputs/platform/home/.copilot/session-state/20e3d173-8502-476a-ad79-8c23f410f967/events.jsonl,/workspace/benchmarks/refactorbench/outputs/logs/base_single-agent_copilot_qwen_qwen3.6-flash/salt_refactor_perm-denied_1779948860866.response.txt,4,5,"/workspace/benchmarks/refactorbench/outputs/workspaces/salt_refactor_perm-denied_1779948860866/repo/salt/_refbench_ast_compat.py:2: DeprecationWarning: ast.Str is deprecated and will be removed in Python 3.14; use ast.Constant instead
2026-05-28T06:15:55.875906Z,refbench,benchmark_pipeline_20260528_040832,single-agent,scrapy_refactor,add-log-parameter-disconnect-all,success,0,48.22,2026-05-28T06:15:55Z,,,,,,/workspace/benchmarks/refactorbench/outputs/logs/base_single-agent_copilot_qwen_qwen3.6-flash/scrapy_refactor_add-log-parameter-disconnect-all_1779948906880.terminal.txt,/workspace/outputs/platform/home/.copilot/session-state/f9861857-43bb-440b-aa72-75e121c5f444/events.jsonl,/workspace/benchmarks/refactorbench/outputs/logs/base_single-agent_copilot_qwen_qwen3.6-flash/scrapy_refactor_add-log-parameter-disconnect-all_1779948906880.response.txt,6,6,"/workspace/benchmarks/refactorbench/outputs/workspaces/scrapy_refactor_add-log-parameter-disconnect-all_1779948906880/repo/scrapy/_refbench_ast_compat.py:2: DeprecationWarning: ast.Str is deprecated and will be removed in Python 3.14; use ast.Constant instead
2026-05-28T06:16:43.142835Z,refbench,benchmark_pipeline_20260528_040832,single-agent,scrapy_refactor,add-log-parameter-job-dir,failed,0,46.22,2026-05-28T06:16:43Z,,,,,,/workspace/benchmarks/refactorbench/outputs/logs/base_single-agent_copilot_qwen_qwen3.6-flash/scrapy_refactor_add-log-parameter-job-dir_1779948956289.terminal.txt,/workspace/outputs/platform/home/.copilot/session-state/bfec953c-d2d4-42a5-9851-d031df84cc98/events.jsonl,/workspace/benchmarks/refactorbench/outputs/logs/base_single-agent_copilot_qwen_qwen3.6-flash/scrapy_refactor_add-log-parameter-job-dir_1779948956289.response.txt,3,5,"/workspace/benchmarks/refactorbench/outputs/workspaces/scrapy_refactor_add-log-parameter-job-dir_1779948956289/repo/scrapy/_refbench_ast_compat.py:2: DeprecationWarning: ast.Str is deprecated and will be removed in Python 3.14; use ast.Constant instead
2026-05-28T06:20:37.119517Z,refbench,benchmark_pipeline_20260528_040832,single-agent,scrapy_refactor,add-log-parameter-xmliter,failed,0,232.92,2026-05-28T06:20:37Z,,,,,,/workspace/benchmarks/refactorbench/outputs/logs/base_single-agent_copilot_qwen_qwen3.6-flash/scrapy_refactor_add-log-parameter-xmliter_1779949003564.terminal.txt,/workspace/outputs/platform/home/.copilot/session-state/3e954684-2cea-49c5-b3d8-77adc765c4fb/events.jsonl,/workspace/benchmarks/refactorbench/outputs/logs/base_single-agent_copilot_qwen_qwen3.6-flash/scrapy_refactor_add-log-parameter-xmliter_1779949003564.response.txt,2,3,"/workspace/benchmarks/refactorbench/outputs/workspaces/scrapy_refactor_add-log-parameter-xmliter_1779949003564/repo/scrapy/_refbench_ast_compat.py:2: DeprecationWarning: ast.Str is deprecated and will be removed in Python 3.14; use ast.Constant instead
2026-05-28T06:21:50.681568Z,refbench,benchmark_pipeline_20260528_040832,single-agent,scrapy_refactor,genspider-functions-to-utils-url,failed,0,72.48,2026-05-28T06:21:50Z,,,,,,/workspace/benchmarks/refactorbench/outputs/logs/base_single-agent_copilot_qwen_qwen3.6-flash/scrapy_refactor_genspider-functions-to-utils-url_1779949237546.terminal.txt,/workspace/outputs/platform/home/.copilot/session-state/73d48f3d-a6ac-4448-8aab-f032a6fa4c85/events.jsonl,/workspace/benchmarks/refactorbench/outputs/logs/base_single-agent_copilot_qwen_qwen3.6-flash/scrapy_refactor_genspider-functions-to-utils-url_1779949237546.response.txt,,4,"/workspace/benchmarks/refactorbench/outputs/workspaces/scrapy_refactor_genspider-functions-to-utils-url_1779949237546/repo/scrapy/_refbench_ast_compat.py:2: DeprecationWarning: ast.Str is deprecated and will be removed in Python 3.14; use ast.Constant instead
2026-05-28T06:22:45.906038Z,refbench,benchmark_pipeline_20260528_040832,single-agent,scrapy_refactor,new-downloadermiddlewares-utils,success,0,54.16,2026-05-28T06:22:45Z,,,,,,/workspace/benchmarks/refactorbench/outputs/logs/base_single-agent_copilot_qwen_qwen3.6-flash/scrapy_refactor_new-downloadermiddlewares-utils_1779949311097.terminal.txt,/workspace/outputs/platform/home/.copilot/session-state/bbe0a949-0451-446e-8681-2dff6dc1ded3/events.jsonl,/workspace/benchmarks/refactorbench/outputs/logs/base_single-agent_copilot_qwen_qwen3.6-flash/scrapy_refactor_new-downloadermiddlewares-utils_1779949311097.response.txt,5,5,"/workspace/benchmarks/refactorbench/outputs/workspaces/scrapy_refactor_new-downloadermiddlewares-utils_1779949311097/repo/scrapy/_refbench_ast_compat.py:2: DeprecationWarning: ast.Str is deprecated and will be removed in Python 3.14; use ast.Constant instead
2026-05-28T06:36:49.149538Z,refbench,benchmark_pipeline_20260528_040832,single-agent,scrapy_refactor,new-spider-utils-in-spiders,timed_out,1,842.16,2026-05-28T06:36:49Z,,,,,,/workspace/benchmarks/refactorbench/outputs/logs/base_single-agent_copilot_qwen_qwen3.6-flash/scrapy_refactor_new-spider-utils-in-spiders_1779949366320.terminal.txt,/workspace/outputs/platform/home/.copilot/session-state/6c709a21-2e2a-427e-99e7-47ac620877cd/events.jsonl,/workspace/benchmarks/refactorbench/outputs/logs/base_single-agent_copilot_qwen_qwen3.6-flash/scrapy_refactor_new-spider-utils-in-spiders_1779949366320.response.txt,3,8,No repository changes detected from Copilot response.
2026-05-28T06:38:56.226045Z,refbench,benchmark_pipeline_20260528_040832,single-agent,scrapy_refactor,new-verify-reactor-class,failed,0,126.36,2026-05-28T06:38:56Z,,,,,,/workspace/benchmarks/refactorbench/outputs/logs/base_single-agent_copilot_qwen_qwen3.6-flash/scrapy_refactor_new-verify-reactor-class_1779950209206.terminal.txt,/workspace/outputs/platform/home/.copilot/session-state/8b02cc47-9dfc-4387-b8b9-04104ebe8c50/events.jsonl,/workspace/benchmarks/refactorbench/outputs/logs/base_single-agent_copilot_qwen_qwen3.6-flash/scrapy_refactor_new-verify-reactor-class_1779950209206.response.txt,8,11,"/workspace/benchmarks/refactorbench/outputs/workspaces/scrapy_refactor_new-verify-reactor-class_1779950209206/repo/scrapy/_refbench_ast_compat.py:2: DeprecationWarning: ast.Str is deprecated and will be removed in Python 3.14; use ast.Constant instead
2026-05-28T06:39:59.460665Z,refbench,benchmark_pipeline_20260528_040832,single-agent,scrapy_refactor,not-supported-exception-to-unsupported,failed,0,62.53,2026-05-28T06:39:59Z,,,,,,/workspace/benchmarks/refactorbench/outputs/logs/base_single-agent_copilot_qwen_qwen3.6-flash/scrapy_refactor_not-supported-exception-to-unsupported_1779950336280.terminal.txt,/workspace/outputs/platform/home/.copilot/session-state/4d45cb88-1b30-44a0-9024-acaddecc3047/events.jsonl,/workspace/benchmarks/refactorbench/outputs/logs/base_single-agent_copilot_qwen_qwen3.6-flash/scrapy_refactor_not-supported-exception-to-unsupported_1779950336280.response.txt,8,10,"/workspace/benchmarks/refactorbench/outputs/workspaces/scrapy_refactor_not-supported-exception-to-unsupported_1779950336280/repo/scrapy/_refbench_ast_compat.py:2: DeprecationWarning: ast.Str is deprecated and will be removed in Python 3.14; use ast.Constant instead
2026-05-28T06:40:56.379711Z,refbench,benchmark_pipeline_20260528_040832,single-agent,scrapy_refactor,parameterize-gunzip,timed_out,1,56.17,2026-05-28T06:40:56Z,,,,,,/workspace/benchmarks/refactorbench/outputs/logs/base_single-agent_copilot_qwen_qwen3.6-flash/scrapy_refactor_parameterize-gunzip_1779950399515.terminal.txt,/workspace/outputs/platform/home/.copilot/session-state/854ebb1e-57c8-47e7-8f6b-8d765c4e672d/events.jsonl,/workspace/benchmarks/refactorbench/outputs/logs/base_single-agent_copilot_qwen_qwen3.6-flash/scrapy_refactor_parameterize-gunzip_1779950399515.response.txt,1,9,No repository changes detected from Copilot response.
2026-05-28T06:42:03.801058Z,refbench,benchmark_pipeline_20260528_040832,single-agent,scrapy_refactor,rename-description-commands,success,0,66.69,2026-05-28T06:42:03Z,,,,,,/workspace/benchmarks/refactorbench/outputs/logs/base_single-agent_copilot_qwen_qwen3.6-flash/scrapy_refactor_rename-description-commands_1779950456432.terminal.txt,/workspace/outputs/platform/home/.copilot/session-state/22281e2e-1694-4ec5-a9a5-1f72404f0412/events.jsonl,/workspace/benchmarks/refactorbench/outputs/logs/base_single-agent_copilot_qwen_qwen3.6-flash/scrapy_refactor_rename-description-commands_1779950456432.response.txt,7,7,"/workspace/benchmarks/refactorbench/outputs/workspaces/scrapy_refactor_rename-description-commands_1779950456432/repo/scrapy/_refbench_ast_compat.py:2: DeprecationWarning: ast.Str is deprecated and will be removed in Python 3.14; use ast.Constant instead
2026-05-28T06:43:15.084250Z,refbench,benchmark_pipeline_20260528_040832,single-agent,scrapy_refactor,rename-engine-status,success,0,70.55,2026-05-28T06:43:15Z,,,,,,/workspace/benchmarks/refactorbench/outputs/logs/base_single-agent_copilot_qwen_qwen3.6-flash/scrapy_refactor_rename-engine-status_1779950523860.terminal.txt,/workspace/outputs/platform/home/.copilot/session-state/553162df-a7f3-4648-a139-9c29034b82d3/events.jsonl,/workspace/benchmarks/refactorbench/outputs/logs/base_single-agent_copilot_qwen_qwen3.6-flash/scrapy_refactor_rename-engine-status_1779950523860.response.txt,8,8,"/workspace/benchmarks/refactorbench/outputs/workspaces/scrapy_refactor_rename-engine-status_1779950523860/repo/scrapy/_refbench_ast_compat.py:2: DeprecationWarning: ast.Str is deprecated and will be removed in Python 3.14; use ast.Constant instead
2026-05-28T06:44:16.204855Z,refbench,benchmark_pipeline_20260528_040832,single-agent,scrapy_refactor,rename-processtest-testproc,failed,0,60.42,2026-05-28T06:44:16Z,,,,,,/workspace/benchmarks/refactorbench/outputs/logs/base_single-agent_copilot_qwen_qwen3.6-flash/scrapy_refactor_rename-processtest-testproc_1779950595136.terminal.txt,/workspace/outputs/platform/home/.copilot/session-state/5019d2dd-36dd-4db3-b7fd-15099ce25dd8/events.jsonl,/workspace/benchmarks/refactorbench/outputs/logs/base_single-agent_copilot_qwen_qwen3.6-flash/scrapy_refactor_rename-processtest-testproc_1779950595136.response.txt,,6,"/workspace/benchmarks/refactorbench/outputs/workspaces/scrapy_refactor_rename-processtest-testproc_1779950595136/repo/scrapy/_refbench_ast_compat.py:2: DeprecationWarning: ast.Str is deprecated and will be removed in Python 3.14; use ast.Constant instead
2026-05-28T06:45:15.286756Z,refbench,benchmark_pipeline_20260528_040832,single-agent,scrapy_refactor,sitemap-url-to-url,failed,0,58.34,2026-05-28T06:45:15Z,,,,,,/workspace/benchmarks/refactorbench/outputs/logs/base_single-agent_copilot_qwen_qwen3.6-flash/scrapy_refactor_sitemap-url-to-url_1779950656259.terminal.txt,/workspace/outputs/platform/home/.copilot/session-state/5db9be0d-e67b-4bdd-bf9d-c2b98f152c28/events.jsonl,/workspace/benchmarks/refactorbench/outputs/logs/base_single-agent_copilot_qwen_qwen3.6-flash/scrapy_refactor_sitemap-url-to-url_1779950656259.response.txt,1,3,"/workspace/benchmarks/refactorbench/outputs/workspaces/scrapy_refactor_sitemap-url-to-url_1779950656259/repo/scrapy/_refbench_ast_compat.py:2: DeprecationWarning: ast.Str is deprecated and will be removed in Python 3.14; use ast.Constant instead
2026-05-28T06:49:01.033469Z,refbench,benchmark_pipeline_20260528_040832,single-agent,tornado_refactor,global-objects,failed,0,225.07,2026-05-28T06:49:00Z,,,,,,/workspace/benchmarks/refactorbench/outputs/logs/base_single-agent_copilot_qwen_qwen3.6-flash/tornado_refactor_global-objects_1779950715343.terminal.txt,/workspace/outputs/platform/home/.copilot/session-state/6524a632-674d-43f2-aeef-b75e182d055b/events.jsonl,/workspace/benchmarks/refactorbench/outputs/logs/base_single-agent_copilot_qwen_qwen3.6-flash/tornado_refactor_global-objects_1779950715343.response.txt,,,"/workspace/benchmarks/refactorbench/outputs/workspaces/tornado_refactor_global-objects_1779950715343/repo/tornado/_refbench_ast_compat.py:2: DeprecationWarning: ast.Str is deprecated and will be removed in Python 3.14; use ast.Constant instead
2026-05-28T06:51:33.436394Z,refbench,benchmark_pipeline_20260528_040832,single-agent,tornado_refactor,log-utils,failed,0,151.85,2026-05-28T06:51:33Z,,,,,,/workspace/benchmarks/refactorbench/outputs/logs/base_single-agent_copilot_qwen_qwen3.6-flash/tornado_refactor_log-utils_1779950941090.terminal.txt,/workspace/outputs/platform/home/.copilot/session-state/db96d025-5a5c-4cba-8451-2ecf93ae24e3/events.jsonl,/workspace/benchmarks/refactorbench/outputs/logs/base_single-agent_copilot_qwen_qwen3.6-flash/tornado_refactor_log-utils_1779950941090.response.txt,,,"/workspace/benchmarks/refactorbench/outputs/workspaces/tornado_refactor_log-utils_1779950941090/repo/tornado/_refbench_ast_compat.py:2: DeprecationWarning: ast.Str is deprecated and will be removed in Python 3.14; use ast.Constant instead
2026-05-28T06:54:42.182123Z,refbench,benchmark_pipeline_20260528_040832,single-agent,tornado_refactor,option-parser-with-pretty-print,failed,0,188.19,2026-05-28T06:54:42Z,,,,,,/workspace/benchmarks/refactorbench/outputs/logs/base_single-agent_copilot_qwen_qwen3.6-flash/tornado_refactor_option-parser-with-pretty-print_1779951093492.terminal.txt,/workspace/outputs/platform/home/.copilot/session-state/5caff4dc-d81a-4642-86f0-546ea7e66164/events.jsonl,/workspace/benchmarks/refactorbench/outputs/logs/base_single-agent_copilot_qwen_qwen3.6-flash/tornado_refactor_option-parser-with-pretty-print_1779951093492.response.txt,,,"/workspace/benchmarks/refactorbench/outputs/workspaces/tornado_refactor_option-parser-with-pretty-print_1779951093492/repo/tornado/_refbench_ast_compat.py:2: DeprecationWarning: ast.Str is deprecated and will be removed in Python 3.14; use ast.Constant instead
2026-05-28T06:58:07.433697Z,refbench,benchmark_pipeline_20260528_040832,single-agent,tornado_refactor,options-utils,failed,0,204.68,2026-05-28T06:58:07Z,,,,,,/workspace/benchmarks/refactorbench/outputs/logs/base_single-agent_copilot_qwen_qwen3.6-flash/tornado_refactor_options-utils_1779951282235.terminal.txt,/workspace/outputs/platform/home/.copilot/session-state/c7a3d1e7-fd0a-4d4f-b8ee-12e14ee759cb/events.jsonl,/workspace/benchmarks/refactorbench/outputs/logs/base_single-agent_copilot_qwen_qwen3.6-flash/tornado_refactor_options-utils_1779951282235.response.txt,,,"/workspace/benchmarks/refactorbench/outputs/workspaces/tornado_refactor_options-utils_1779951282235/repo/tornado/_refbench_ast_compat.py:2: DeprecationWarning: ast.Str is deprecated and will be removed in Python 3.14; use ast.Constant instead
2026-05-28T06:59:32.593749Z,refbench,benchmark_pipeline_20260528_040832,single-agent,tornado_refactor,remove-locale-data,failed,0,84.59,2026-05-28T06:59:32Z,,,,,,/workspace/benchmarks/refactorbench/outputs/logs/base_single-agent_copilot_qwen_qwen3.6-flash/tornado_refactor_remove-locale-data_1779951487491.terminal.txt,/workspace/outputs/platform/home/.copilot/session-state/407a3130-8d04-4f85-bf8a-f40195bdf7b4/events.jsonl,/workspace/benchmarks/refactorbench/outputs/logs/base_single-agent_copilot_qwen_qwen3.6-flash/tornado_refactor_remove-locale-data_1779951487491.response.txt,,,"/workspace/benchmarks/refactorbench/outputs/workspaces/tornado_refactor_remove-locale-data_1779951487491/repo/tornado/_refbench_ast_compat.py:2: DeprecationWarning: ast.Str is deprecated and will be removed in Python 3.14; use ast.Constant instead
2026-05-28T07:00:05.368624Z,refbench,benchmark_pipeline_20260528_040832,single-agent,tornado_refactor,rename-http1connection,timed_out,1,32.2,2026-05-28T07:00:05Z,,,,,,/workspace/benchmarks/refactorbench/outputs/logs/base_single-agent_copilot_qwen_qwen3.6-flash/tornado_refactor_rename-http1connection_1779951572649.terminal.txt,/workspace/outputs/platform/home/.copilot/session-state/f62b113a-6aa7-4c8e-9569-967cd306a29a/events.jsonl,/workspace/benchmarks/refactorbench/outputs/logs/base_single-agent_copilot_qwen_qwen3.6-flash/tornado_refactor_rename-http1connection_1779951572649.response.txt,,,No repository changes detected from Copilot response.
2026-05-28T07:01:18.670008Z,refbench,benchmark_pipeline_20260528_040832,single-agent,tornado_refactor,rename-to-camel-case,failed,0,72.75,2026-05-28T07:01:18Z,,,,,,/workspace/benchmarks/refactorbench/outputs/logs/base_single-agent_copilot_qwen_qwen3.6-flash/tornado_refactor_rename-to-camel-case_1779951605406.terminal.txt,/workspace/outputs/platform/home/.copilot/session-state/0db13544-bf1a-4229-af28-6718ee46b0d2/events.jsonl,/workspace/benchmarks/refactorbench/outputs/logs/base_single-agent_copilot_qwen_qwen3.6-flash/tornado_refactor_rename-to-camel-case_1779951605406.response.txt,,,"/workspace/benchmarks/refactorbench/outputs/workspaces/tornado_refactor_rename-to-camel-case_1779951605406/repo/tornado/_refbench_ast_compat.py:2: DeprecationWarning: ast.Str is deprecated and will be removed in Python 3.14; use ast.Constant instead
2026-05-28T07:04:33.605114Z,refbench,benchmark_pipeline_20260528_040832,single-agent,tornado_refactor,resolvers-as-separate,timed_out,1,194.35,2026-05-28T07:04:33Z,,,,,,/workspace/benchmarks/refactorbench/outputs/logs/base_single-agent_copilot_qwen_qwen3.6-flash/tornado_refactor_resolvers-as-separate_1779951678706.terminal.txt,/workspace/outputs/platform/home/.copilot/session-state/fdd74c68-a9e3-4b54-8d3f-f7288070d15e/events.jsonl,/workspace/benchmarks/refactorbench/outputs/logs/base_single-agent_copilot_qwen_qwen3.6-flash/tornado_refactor_resolvers-as-separate_1779951678706.response.txt,,,No repository changes detected from Copilot response.
2026-05-28T07:08:20.932227Z,refbench,benchmark_pipeline_20260528_040832,single-agent,tornado_refactor,tcpclient-connect-params,failed,0,226.76,2026-05-28T07:08:20Z,,,,,,/workspace/benchmarks/refactorbench/outputs/logs/base_single-agent_copilot_qwen_qwen3.6-flash/tornado_refactor_tcpclient-connect-params_1779951873646.terminal.txt,/workspace/outputs/platform/home/.copilot/session-state/3b5732cb-6b04-4d83-8c39-e18b8ebcdd20/events.jsonl,/workspace/benchmarks/refactorbench/outputs/logs/base_single-agent_copilot_qwen_qwen3.6-flash/tornado_refactor_tcpclient-connect-params_1779951873646.response.txt,,,"/workspace/benchmarks/refactorbench/outputs/workspaces/tornado_refactor_tcpclient-connect-params_1779951873646/repo/tornado/_refbench_ast_compat.py:2: DeprecationWarning: ast.Str is deprecated and will be removed in Python 3.14; use ast.Constant instead
2026-05-28T07:10:39.488714Z,refbench,benchmark_pipeline_20260528_040832,single-agent,ansible_refactor,add-log-parameter-get-group-vars,failed,0,49.87,2026-05-28T07:10:39Z,,,,,,/workspace/benchmarks/refactorbench/outputs/logs/lazy_single-agent_copilot_qwen_qwen3.6-flash/ansible_refactor_add-log-parameter-get-group-vars_1779952186775.terminal.txt,/workspace/outputs/platform/home/.copilot/session-state/04ecfb5b-1673-4c09-8cb7-3acbdba43016/events.jsonl,/workspace/benchmarks/refactorbench/outputs/logs/lazy_single-agent_copilot_qwen_qwen3.6-flash/ansible_refactor_add-log-parameter-get-group-vars_1779952186775.response.txt,3,5,"/workspace/benchmarks/refactorbench/outputs/workspaces/ansible_refactor_add-log-parameter-get-group-vars_1779952186775/repo/lib/_refbench_ast_compat.py:2: DeprecationWarning: ast.Str is deprecated and will be removed in Python 3.14; use ast.Constant instead
2026-05-28T07:11:22.951001Z,refbench,benchmark_pipeline_20260528_040832,single-agent,ansible_refactor,add-log-parameter-is-systemd-managed,timed_out,1,40.45,2026-05-28T07:11:22Z,,,,,,/workspace/benchmarks/refactorbench/outputs/logs/lazy_single-agent_copilot_qwen_qwen3.6-flash/ansible_refactor_add-log-parameter-is-systemd-managed_1779952239524.terminal.txt,/workspace/outputs/platform/home/.copilot/session-state/127bd4a3-ba96-417f-a384-87cbe057f251/events.jsonl,/workspace/benchmarks/refactorbench/outputs/logs/lazy_single-agent_copilot_qwen_qwen3.6-flash/ansible_refactor_add-log-parameter-is-systemd-managed_1779952239524.response.txt,2,5,No repository changes detected from Copilot response.
2026-05-28T07:14:38.682379Z,refbench,benchmark_pipeline_20260528_040832,single-agent,ansible_refactor,combine-namespace-compat,success,0,192.85,2026-05-28T07:14:38Z,,,,,,/workspace/benchmarks/refactorbench/outputs/logs/lazy_single-agent_copilot_qwen_qwen3.6-flash/ansible_refactor_combine-namespace-compat_1779952282986.terminal.txt,/workspace/outputs/platform/home/.copilot/session-state/a20830cc-41c8-4c24-9d5d-5e83ac030cd6/events.jsonl,/workspace/benchmarks/refactorbench/outputs/logs/lazy_single-agent_copilot_qwen_qwen3.6-flash/ansible_refactor_combine-namespace-compat_1779952282986.response.txt,7,7,"/workspace/benchmarks/refactorbench/outputs/workspaces/ansible_refactor_combine-namespace-compat_1779952282986/repo/lib/_refbench_ast_compat.py:2: DeprecationWarning: ast.Str is deprecated and will be removed in Python 3.14; use ast.Constant instead
2026-05-28T07:15:50.699540Z,refbench,benchmark_pipeline_20260528_040832,single-agent,ansible_refactor,data-to-inventory-data,failed,0,69.19,2026-05-28T07:15:50Z,,,,,,/workspace/benchmarks/refactorbench/outputs/logs/lazy_single-agent_copilot_qwen_qwen3.6-flash/ansible_refactor_data-to-inventory-data_1779952478718.terminal.txt,/workspace/outputs/platform/home/.copilot/session-state/8c033456-ae43-4a6a-8def-6a374ab06998/events.jsonl,/workspace/benchmarks/refactorbench/outputs/logs/lazy_single-agent_copilot_qwen_qwen3.6-flash/ansible_refactor_data-to-inventory-data_1779952478718.response.txt,4,5,"/workspace/benchmarks/refactorbench/outputs/workspaces/ansible_refactor_data-to-inventory-data_1779952478718/repo/lib/_refbench_ast_compat.py:2: DeprecationWarning: ast.Str is deprecated and will be removed in Python 3.14; use ast.Constant instead
2026-05-28T07:18:17.732510Z,refbench,benchmark_pipeline_20260528_040832,single-agent,ansible_refactor,move-quoting-splitter,failed,0,144.23,2026-05-28T07:18:17Z,,,,,,/workspace/benchmarks/refactorbench/outputs/logs/lazy_single-agent_copilot_qwen_qwen3.6-flash/ansible_refactor_move-quoting-splitter_1779952550734.terminal.txt,/workspace/outputs/platform/home/.copilot/session-state/b8fc96ef-115b-4e09-ab77-def40163c3ff/events.jsonl,/workspace/benchmarks/refactorbench/outputs/logs/lazy_single-agent_copilot_qwen_qwen3.6-flash/ansible_refactor_move-quoting-splitter_1779952550734.response.txt,5,6,"/workspace/benchmarks/refactorbench/outputs/workspaces/ansible_refactor_move-quoting-splitter_1779952550734/repo/lib/_refbench_ast_compat.py:2: DeprecationWarning: ast.Str is deprecated and will be removed in Python 3.14; use ast.Constant instead
2026-05-28T07:20:24.637921Z,refbench,benchmark_pipeline_20260528_040832,single-agent,ansible_refactor,new-inventory-patterns,failed,0,124.04,2026-05-28T07:20:24Z,,,,,,/workspace/benchmarks/refactorbench/outputs/logs/lazy_single-agent_copilot_qwen_qwen3.6-flash/ansible_refactor_new-inventory-patterns_1779952697771.terminal.txt,/workspace/outputs/platform/home/.copilot/session-state/78a39bd7-a159-4ab9-9e84-eb0a62af8a48/events.jsonl,/workspace/benchmarks/refactorbench/outputs/logs/lazy_single-agent_copilot_qwen_qwen3.6-flash/ansible_refactor_new-inventory-patterns_1779952697771.response.txt,8,9,"/workspace/benchmarks/refactorbench/outputs/workspaces/ansible_refactor_new-inventory-patterns_1779952697771/repo/lib/_refbench_ast_compat.py:2: DeprecationWarning: ast.Str is deprecated and will be removed in Python 3.14; use ast.Constant instead
2026-05-28T07:24:01.037809Z,refbench,benchmark_pipeline_20260528_040832,single-agent,ansible_refactor,new-utils-class-connection,success,0,213.13,2026-05-28T07:24:01Z,,,,,,/workspace/benchmarks/refactorbench/outputs/logs/lazy_single-agent_copilot_qwen_qwen3.6-flash/ansible_refactor_new-utils-class-connection_1779952825143.terminal.txt,/workspace/outputs/platform/home/.copilot/session-state/3ccd3d38-de1c-42b3-8eb0-b108aad6ee33/events.jsonl,/workspace/benchmarks/refactorbench/outputs/logs/lazy_single-agent_copilot_qwen_qwen3.6-flash/ansible_refactor_new-utils-class-connection_1779952825143.response.txt,7,7,"/workspace/benchmarks/refactorbench/outputs/workspaces/ansible_refactor_new-utils-class-connection_1779952825143/repo/lib/_refbench_ast_compat.py:2: DeprecationWarning: ast.Str is deprecated and will be removed in Python 3.14; use ast.Constant instead
2026-05-28T07:26:16.156860Z,refbench,benchmark_pipeline_20260528_040832,single-agent,ansible_refactor,new-utils-from-basic,failed,0,131.8,2026-05-28T07:26:16Z,,,,,,/workspace/benchmarks/refactorbench/outputs/logs/lazy_single-agent_copilot_qwen_qwen3.6-flash/ansible_refactor_new-utils-from-basic_1779953041573.terminal.txt,/workspace/outputs/platform/home/.copilot/session-state/b6a98f94-8735-4050-9e50-478a043899f0/events.jsonl,/workspace/benchmarks/refactorbench/outputs/logs/lazy_single-agent_copilot_qwen_qwen3.6-flash/ansible_refactor_new-utils-from-basic_1779953041573.response.txt,1,12,"/workspace/benchmarks/refactorbench/outputs/workspaces/ansible_refactor_new-utils-from-basic_1779953041573/repo/lib/_refbench_ast_compat.py:2: DeprecationWarning: ast.Str is deprecated and will be removed in Python 3.14; use ast.Constant instead
2026-05-28T07:28:33.751134Z,refbench,benchmark_pipeline_20260528_040832,single-agent,ansible_refactor,parse_key_value,success,0,134.19,2026-05-28T07:28:33Z,,,,,,/workspace/benchmarks/refactorbench/outputs/logs/lazy_single-agent_copilot_qwen_qwen3.6-flash/ansible_refactor_parse_key_value_1779953176687.terminal.txt,/workspace/outputs/platform/home/.copilot/session-state/8dac210b-4ca6-42a5-8360-687f83c253a7/events.jsonl,/workspace/benchmarks/refactorbench/outputs/logs/lazy_single-agent_copilot_qwen_qwen3.6-flash/ansible_refactor_parse_key_value_1779953176687.response.txt,21,21,"/workspace/benchmarks/refactorbench/outputs/workspaces/ansible_refactor_parse_key_value_1779953176687/repo/lib/_refbench_ast_compat.py:2: DeprecationWarning: ast.Str is deprecated and will be removed in Python 3.14; use ast.Constant instead
2026-05-28T07:30:22.884455Z,refbench,benchmark_pipeline_20260528_040832,single-agent,ansible_refactor,rename-lenient-lowercase,success,0,105.72,2026-05-28T07:30:22Z,,,,,,/workspace/benchmarks/refactorbench/outputs/logs/lazy_single-agent_copilot_qwen_qwen3.6-flash/ansible_refactor_rename-lenient-lowercase_1779953314300.terminal.txt,/workspace/outputs/platform/home/.copilot/session-state/2ff8122f-a2cc-48bc-95d5-efdcf95199ba/events.jsonl,/workspace/benchmarks/refactorbench/outputs/logs/lazy_single-agent_copilot_qwen_qwen3.6-flash/ansible_refactor_rename-lenient-lowercase_1779953314300.response.txt,4,4,"/workspace/benchmarks/refactorbench/outputs/workspaces/ansible_refactor_rename-lenient-lowercase_1779953314300/repo/lib/_refbench_ast_compat.py:2: DeprecationWarning: ast.Str is deprecated and will be removed in Python 3.14; use ast.Constant instead
2026-05-28T07:31:12.738778Z,refbench,benchmark_pipeline_20260528_040832,single-agent,ansible_refactor,sort-groups-to-group-sort,success,0,46.45,2026-05-28T07:31:12Z,,,,,,/workspace/benchmarks/refactorbench/outputs/logs/lazy_single-agent_copilot_qwen_qwen3.6-flash/ansible_refactor_sort-groups-to-group-sort_1779953423416.terminal.txt,/workspace/outputs/platform/home/.copilot/session-state/b16d87e2-0ba5-4958-9e02-f73ab795a6f2/events.jsonl,/workspace/benchmarks/refactorbench/outputs/logs/lazy_single-agent_copilot_qwen_qwen3.6-flash/ansible_refactor_sort-groups-to-group-sort_1779953423416.response.txt,4,4,"/workspace/benchmarks/refactorbench/outputs/workspaces/ansible_refactor_sort-groups-to-group-sort_1779953423416/repo/lib/_refbench_ast_compat.py:2: DeprecationWarning: ast.Str is deprecated and will be removed in Python 3.14; use ast.Constant instead
2026-05-28T07:32:04.143804Z,refbench,benchmark_pipeline_20260528_040832,single-agent,celery_refactor,add-log-parameter-get-digest-algorithm,success,0,50.18,2026-05-28T07:32:04Z,,,,,,/workspace/benchmarks/refactorbench/outputs/logs/lazy_single-agent_copilot_qwen_qwen3.6-flash/celery_refactor_add-log-parameter-get-digest-algorithm_1779953473268.terminal.txt,/workspace/outputs/platform/home/.copilot/session-state/a82cbd95-401c-4c45-8bcb-9ce8c9bc73c2/events.jsonl,/workspace/benchmarks/refactorbench/outputs/logs/lazy_single-agent_copilot_qwen_qwen3.6-flash/celery_refactor_add-log-parameter-get-digest-algorithm_1779953473268.response.txt,5,5,"/workspace/benchmarks/refactorbench/outputs/workspaces/celery_refactor_add-log-parameter-get-digest-algorithm_1779953473268/repo/celery/_refbench_ast_compat.py:2: DeprecationWarning: ast.Str is deprecated and will be removed in Python 3.14; use ast.Constant instead
2026-05-28T07:34:04.480698Z,refbench,benchmark_pipeline_20260528_040832,single-agent,celery_refactor,add-log-parameter-node-format,failed,0,119.09,2026-05-28T07:34:04Z,,,,,,/workspace/benchmarks/refactorbench/outputs/logs/lazy_single-agent_copilot_qwen_qwen3.6-flash/celery_refactor_add-log-parameter-node-format_1779953524666.terminal.txt,/workspace/outputs/platform/home/.copilot/session-state/57e98b03-edda-4e7c-83e9-dc74ef8c3828/events.jsonl,/workspace/benchmarks/refactorbench/outputs/logs/lazy_single-agent_copilot_qwen_qwen3.6-flash/celery_refactor_add-log-parameter-node-format_1779953524666.response.txt,2,3,"/workspace/benchmarks/refactorbench/outputs/workspaces/celery_refactor_add-log-parameter-node-format_1779953524666/repo/celery/_refbench_ast_compat.py:2: DeprecationWarning: ast.Str is deprecated and will be removed in Python 3.14; use ast.Constant instead
2026-05-28T07:35:39.366664Z,refbench,benchmark_pipeline_20260528_040832,single-agent,celery_refactor,annotation-utils,failed,0,93.62,2026-05-28T07:35:39Z,,,,,,/workspace/benchmarks/refactorbench/outputs/logs/lazy_single-agent_copilot_qwen_qwen3.6-flash/celery_refactor_annotation-utils_1779953645007.terminal.txt,/workspace/outputs/platform/home/.copilot/session-state/7110b67a-d4e9-4f19-8764-3f9c203c300a/events.jsonl,/workspace/benchmarks/refactorbench/outputs/logs/lazy_single-agent_copilot_qwen_qwen3.6-flash/celery_refactor_annotation-utils_1779953645007.response.txt,3,8,"/workspace/benchmarks/refactorbench/outputs/workspaces/celery_refactor_annotation-utils_1779953645007/repo/celery/_refbench_ast_compat.py:2: DeprecationWarning: ast.Str is deprecated and will be removed in Python 3.14; use ast.Constant instead
2026-05-28T07:36:24.663626Z,refbench,benchmark_pipeline_20260528_040832,single-agent,celery_refactor,autoretry-to-retry,timed_out,1,43.93,2026-05-28T07:36:24Z,,,,,,/workspace/benchmarks/refactorbench/outputs/logs/lazy_single-agent_copilot_qwen_qwen3.6-flash/celery_refactor_autoretry-to-retry_1779953739875.terminal.txt,/workspace/outputs/platform/home/.copilot/session-state/ca961a06-9899-4c28-a1d6-4a2a606cd3e9/events.jsonl,/workspace/benchmarks/refactorbench/outputs/logs/lazy_single-agent_copilot_qwen_qwen3.6-flash/celery_refactor_autoretry-to-retry_1779953739875.response.txt,,7,No repository changes detected from Copilot response.
2026-05-28T07:37:20.117812Z,refbench,benchmark_pipeline_20260528_040832,single-agent,celery_refactor,combine-unpickle-task,failed,0,54.18,2026-05-28T07:37:20Z,,,,,,/workspace/benchmarks/refactorbench/outputs/logs/lazy_single-agent_copilot_qwen_qwen3.6-flash/celery_refactor_combine-unpickle-task_1779953785183.terminal.txt,/workspace/outputs/platform/home/.copilot/session-state/86af6990-f1b0-4900-897a-253ce68e3429/events.jsonl,/workspace/benchmarks/refactorbench/outputs/logs/lazy_single-agent_copilot_qwen_qwen3.6-flash/celery_refactor_combine-unpickle-task_1779953785183.response.txt,4,6,"/workspace/benchmarks/refactorbench/outputs/workspaces/celery_refactor_combine-unpickle-task_1779953785183/repo/celery/_refbench_ast_compat.py:2: DeprecationWarning: ast.Str is deprecated and will be removed in Python 3.14; use ast.Constant instead
