#,mode,repo,task_id,status,duration_s,timed_out,input_tokens,output_tokens,cache_tokens,reasoning_tokens,requests,lines_added,lines_removed,files_modified,tests_passed,tests_total
1,base,ansible_refactor,add-log-parameter-get-group-vars,success,37.58,0,0,0,0,0,0,0,0,0,5,5
2,base,ansible_refactor,add-log-parameter-is-systemd-managed,success,67.08,0,0,0,0,0,0,0,0,0,5,5
3,base,ansible_refactor,combine-namespace-compat,failed,85.37,0,0,0,0,0,0,0,0,0,6,7
4,base,ansible_refactor,data-to-inventory-data,success,50.79,0,0,0,0,0,0,0,0,0,5,5
5,base,ansible_refactor,move-quoting-splitter,failed,60.85,0,0,0,0,0,0,0,0,0,1,6
6,base,ansible_refactor,new-inventory-patterns,success,97.27,0,0,0,0,0,0,0,0,0,9,9
7,base,ansible_refactor,new-utils-class-connection,timed_out,81.12,1,0,0,0,0,0,0,0,0,,7
8,base,ansible_refactor,new-utils-from-basic,failed,198.77,0,0,0,0,0,0,0,0,0,,12
9,base,ansible_refactor,parse_key_value,success,81.46,0,0,0,0,0,0,0,0,0,21,21
10,base,ansible_refactor,rename-lenient-lowercase,success,44.41,0,0,0,0,0,0,0,0,0,4,4
11,base,ansible_refactor,sort-groups-to-group-sort,success,40.61,0,0,0,0,0,0,0,0,0,4,4
12,base,celery_refactor,add-log-parameter-get-digest-algorithm,success,39.79,0,0,0,0,0,0,0,0,0,5,5
13,base,celery_refactor,add-log-parameter-node-format,success,50.1,0,0,0,0,0,0,0,0,0,3,3
14,base,celery_refactor,annotation-utils,failed,58.06,0,0,0,0,0,0,0,0,0,5,8
15,base,celery_refactor,autoretry-to-retry,failed,92.47,0,0,0,0,0,0,0,0,0,6,7
16,base,celery_refactor,combine-unpickle-task,failed,54.06,0,0,0,0,0,0,0,0,0,5,6
17,base,celery_refactor,dump-message-to-serialization,success,118.89,0,0,0,0,0,0,0,0,0,3,3
18,base,celery_refactor,ensure_serialize,success,94.75,0,0,0,0,0,0,0,0,0,9,9
19,base,celery_refactor,evaluate-promises-to-serialization,success,54.1,0,0,0,0,0,0,0,0,0,4,4
20,base,celery_refactor,expand-router-string-to-utils,failed,68.33,0,0,0,0,0,0,0,0,0,3,4
21,base,celery_refactor,object-mro-lookup,success,52.04,0,0,0,0,0,0,0,0,0,3,3
22,base,celery_refactor,rename-host-format,failed,78.47,0,0,0,0,0,0,0,0,0,6,7
23,base,celery_refactor,truncate-text,failed,226.85,0,0,0,0,0,0,0,0,0,,9
24,base,django_refactor,add-log-parameter-constant-time-compare,failed,98.91,0,0,0,0,0,0,0,0,0,2,3
25,base,django_refactor,add-log-parameter-get-resolver,failed,183.83,0,0,0,0,0,0,0,0,0,2,3
26,base,django_refactor,add-log-parameter-resolve-error-handler,failed,68.3,0,0,0,0,0,0,0,0,0,,2
27,base,django_refactor,add-none-handling-duration-string,success,66.13,0,0,0,0,0,0,0,0,0,3,3
28,base,django_refactor,combine-utils-dates-dateformat,success,68.23,0,0,0,0,0,0,0,0,0,4,4
29,base,django_refactor,combine-utils-hashable-itercompat,failed,216.52,0,0,0,0,0,0,0,0,0,3,4
30,base,django_refactor,new-converter-to-python-class,failed,50.26,0,0,0,0,0,0,0,0,0,1,3
31,base,django_refactor,new-path-traversal-exception,failed,147.5,0,0,0,0,0,0,0,0,0,7,9
32,base,django_refactor,new-reference-context-field-class,timed_out,54.46,1,0,0,0,0,0,0,0,0,,4
33,base,django_refactor,new-reference-context-graph-class,failed,204.55,0,0,0,0,0,0,0,0,0,5,9
34,base,django_refactor,new-timezone-class,timed_out,184.11,1,0,0,0,0,0,0,0,0,,4
35,base,django_refactor,new-utils-adapt-method-mode,success,82.44,0,0,0,0,0,0,0,0,0,3,3
36,base,django_refactor,new-utils-check-response,success,60.11,0,0,0,0,0,0,0,0,0,2,2
37,base,django_refactor,new-utils-path-from-module,success,82.24,0,0,0,0,0,0,0,0,0,2,2
38,base,django_refactor,remove-core-cache-utils,failed,58.27,0,0,0,0,0,0,0,0,0,4,5
39,base,django_refactor,remove-db-models-constants,success,444.07,0,0,0,0,0,0,0,0,0,19,19
40,base,django_refactor,rename-file-move-safe,success,131.93,0,0,0,0,0,0,0,0,0,6,6
41,base,django_refactor,split-parse-apps-and-model-labels,failed,52.09,0,0,0,0,0,0,0,0,0,2,5
42,base,fastapi_refactor,add-log-parameter-generate-option-id-for-path,success,62.36,0,0,0,0,0,0,0,0,0,5,5
43,base,fastapi_refactor,exception-handlers-to-handlers,failed,119.33,0,0,0,0,0,0,0,0,0,11,12
44,base,fastapi_refactor,get-auth-scheme-param,success,58.38,0,0,0,0,0,0,0,0,0,6,6
45,base,fastapi_refactor,openapi-get-utils,success,68.57,0,0,0,0,0,0,0,0,0,9,9
46,base,fastapi_refactor,params-to-param,failed,80.45,0,0,0,0,0,0,0,0,0,10,22
47,base,fastapi_refactor,value-is-a-sequence,success,33.89,0,0,0,0,0,0,0,0,0,5,5
48,base,flask_refactor,add-log-parameter-get-debug-flag,success,49.93,0,0,0,0,0,0,0,0,0,7,7
49,base,flask_refactor,add-log-parameter-get-flashed-messages,success,70.22,0,0,0,0,0,0,0,0,0,3,3
50,base,flask_refactor,debughelpers-to-helpers.py,timed_out,15.36,1,0,0,0,0,0,0,0,0,,5
51,base,flask_refactor,rename-send-from-directory,timed_out,63.13,1,0,0,0,0,0,0,0,0,1,4
52,base,flask_refactor,render-template-str,success,74.38,0,0,0,0,0,0,0,0,0,10,10
53,base,flask_refactor,stream-template-str,failed,37.62,0,0,0,0,0,0,0,0,0,3,4
54,base,requests_refactor,add-log-parameter-get-encoding-from-headers,failed,47.8,0,0,0,0,0,0,0,0,0,2,3
55,base,requests_refactor,add-log-parameter-resolve-proxies,success,62.04,0,0,0,0,0,0,0,0,0,2,2
56,base,requests_refactor,add-log-parameter-select-proxy,timed_out,45.88,1,0,0,0,0,0,0,0,0,,2
57,base,requests_refactor,combine-from-key-to-key,success,84.28,0,0,0,0,0,0,0,0,0,5,5
58,base,requests_refactor,combine-internal-utils-utils,failed,214.26,0,0,0,0,0,0,0,0,0,1,7
59,base,requests_refactor,move-hooks-sessions,failed,472.27,0,0,0,0,0,0,0,0,0,4,7
60,base,requests_refactor,new-cookie-utils-class,failed,259.88,0,0,0,0,0,0,0,0,0,,4
61,base,requests_refactor,rename-lookup-dict-dict-lookup,success,51.92,0,0,0,0,0,0,0,0,0,7,7
62,base,requests_refactor,rename-super-len-complex-len,failed,68.15,0,0,0,0,0,0,0,0,0,2,3
63,base,requests_refactor,split-warnings-exceptions,success,86.35,0,0,0,0,0,0,0,0,0,9,9
64,base,salt_refactor,add-log-parameter-delete-directory,success,47.97,0,0,0,0,0,0,0,0,0,4,4
65,base,salt_refactor,add-log-parameter-get-capability-definitions,success,112.41,0,0,0,0,0,0,0,0,0,3,3
66,base,salt_refactor,add-log-parameter-recursive-diff,success,121.55,0,0,0,0,0,0,0,0,0,6,6
67,base,salt_refactor,cant-create,failed,48.69,0,0,0,0,0,0,0,0,0,6,8
68,base,salt_refactor,channel-to-transport,failed,59.14,0,0,0,0,0,0,0,0,0,3,6
69,base,salt_refactor,ex-pillar-fail,success,48.33,0,0,0,0,0,0,0,0,0,5,5
70,base,salt_refactor,ex-state-fail,failed,45.12,0,0,0,0,0,0,0,0,0,5,6
71,base,salt_refactor,exactly-n-boto-mod,failed,123.61,0,0,0,0,0,0,0,0,0,2,4
72,base,salt_refactor,get-unavail,success,43.57,0,0,0,0,0,0,0,0,0,10,10
73,base,salt_refactor,iam-to-aws,success,61.48,0,0,0,0,0,0,0,0,0,5,5
74,base,salt_refactor,mksls-to-specific,success,59.12,0,0,0,0,0,0,0,0,0,6,6
75,base,salt_refactor,namecheap-xmlutil,success,121.54,0,0,0,0,0,0,0,0,0,6,6
76,base,salt_refactor,paged-call-boto-mod,failed,72.86,0,0,0,0,0,0,0,0,0,1,4
77,base,salt_refactor,pem-fingerprint,success,73.24,0,0,0,0,0,0,0,0,0,10,10
78,base,salt_refactor,perm-denied,failed,42.3,0,0,0,0,0,0,0,0,0,4,5
79,base,scrapy_refactor,add-log-parameter-disconnect-all,success,48.22,0,0,0,0,0,0,0,0,0,6,6
80,base,scrapy_refactor,add-log-parameter-job-dir,failed,46.22,0,0,0,0,0,0,0,0,0,3,5
81,base,scrapy_refactor,add-log-parameter-xmliter,failed,232.92,0,0,0,0,0,0,0,0,0,2,3
82,base,scrapy_refactor,genspider-functions-to-utils-url,failed,72.48,0,0,0,0,0,0,0,0,0,,4
83,base,scrapy_refactor,new-downloadermiddlewares-utils,success,54.16,0,0,0,0,0,0,0,0,0,5,5
84,base,scrapy_refactor,new-spider-utils-in-spiders,timed_out,842.16,1,0,0,0,0,0,0,0,0,3,8
85,base,scrapy_refactor,new-verify-reactor-class,failed,126.36,0,0,0,0,0,0,0,0,0,8,11
86,base,scrapy_refactor,not-supported-exception-to-unsupported,failed,62.53,0,0,0,0,0,0,0,0,0,8,10
87,base,scrapy_refactor,parameterize-gunzip,timed_out,56.17,1,0,0,0,0,0,0,0,0,1,9
88,base,scrapy_refactor,rename-description-commands,success,66.69,0,0,0,0,0,0,0,0,0,7,7
89,base,scrapy_refactor,rename-engine-status,success,70.55,0,0,0,0,0,0,0,0,0,8,8
90,base,scrapy_refactor,rename-processtest-testproc,failed,60.42,0,0,0,0,0,0,0,0,0,,6
91,base,scrapy_refactor,sitemap-url-to-url,failed,58.34,0,0,0,0,0,0,0,0,0,1,3
92,base,tornado_refactor,global-objects,failed,225.07,0,0,0,0,0,0,0,0,0,,
93,base,tornado_refactor,log-utils,failed,151.85,0,0,0,0,0,0,0,0,0,,
94,base,tornado_refactor,option-parser-with-pretty-print,failed,188.19,0,0,0,0,0,0,0,0,0,,
95,base,tornado_refactor,options-utils,failed,204.68,0,0,0,0,0,0,0,0,0,,
96,base,tornado_refactor,remove-locale-data,failed,84.59,0,0,0,0,0,0,0,0,0,,
97,base,tornado_refactor,rename-http1connection,timed_out,32.2,1,0,0,0,0,0,0,0,0,,
98,base,tornado_refactor,rename-to-camel-case,failed,72.75,0,0,0,0,0,0,0,0,0,,
99,base,tornado_refactor,resolvers-as-separate,timed_out,194.35,1,0,0,0,0,0,0,0,0,,
100,base,tornado_refactor,tcpclient-connect-params,failed,226.76,0,0,0,0,0,0,0,0,0,,
101,lazy,ansible_refactor,add-log-parameter-get-group-vars,failed,49.87,0,0,0,0,0,0,0,0,0,3,5
102,lazy,ansible_refactor,add-log-parameter-is-systemd-managed,timed_out,40.45,1,0,0,0,0,0,0,0,0,2,5
103,lazy,ansible_refactor,combine-namespace-compat,success,192.85,0,0,0,0,0,0,0,0,0,7,7
104,lazy,ansible_refactor,data-to-inventory-data,failed,69.19,0,0,0,0,0,0,0,0,0,4,5
105,lazy,ansible_refactor,move-quoting-splitter,failed,144.23,0,0,0,0,0,0,0,0,0,5,6
106,lazy,ansible_refactor,new-inventory-patterns,failed,124.04,0,0,0,0,0,0,0,0,0,8,9
107,lazy,ansible_refactor,new-utils-class-connection,success,213.13,0,0,0,0,0,0,0,0,0,7,7
108,lazy,ansible_refactor,new-utils-from-basic,failed,131.8,0,0,0,0,0,0,0,0,0,1,12
109,lazy,ansible_refactor,parse_key_value,success,134.19,0,0,0,0,0,0,0,0,0,21,21
110,lazy,ansible_refactor,rename-lenient-lowercase,success,105.72,0,0,0,0,0,0,0,0,0,4,4
111,lazy,ansible_refactor,sort-groups-to-group-sort,success,46.45,0,0,0,0,0,0,0,0,0,4,4
112,lazy,celery_refactor,add-log-parameter-get-digest-algorithm,success,50.18,0,0,0,0,0,0,0,0,0,5,5
113,lazy,celery_refactor,add-log-parameter-node-format,failed,119.09,0,0,0,0,0,0,0,0,0,2,3
114,lazy,celery_refactor,annotation-utils,failed,93.62,0,0,0,0,0,0,0,0,0,3,8
115,lazy,celery_refactor,autoretry-to-retry,timed_out,43.93,1,0,0,0,0,0,0,0,0,,7
116,lazy,celery_refactor,combine-unpickle-task,failed,54.18,0,0,0,0,0,0,0,0,0,4,6
117,lazy,celery_refactor,dump-message-to-serialization,timed_out,48.02,1,0,0,0,0,0,0,0,0,,3
118,lazy,celery_refactor,ensure_serialize,failed,64.37,0,0,0,0,0,0,0,0,0,2,9
119,lazy,celery_refactor,evaluate-promises-to-serialization,success,105.08,0,0,0,0,0,0,0,0,0,4,4
120,lazy,celery_refactor,expand-router-string-to-utils,failed,50.0,0,0,0,0,0,0,0,0,0,3,4
121,lazy,celery_refactor,object-mro-lookup,success,41.97,0,0,0,0,0,0,0,0,0,3,3
122,lazy,celery_refactor,rename-host-format,success,72.23,0,0,0,0,0,0,0,0,0,7,7
123,lazy,celery_refactor,truncate-text,success,101.06,0,0,0,0,0,0,0,0,0,9,9
124,lazy,django_refactor,add-log-parameter-constant-time-compare,failed,62.22,0,0,0,0,0,0,0,0,0,,3
125,lazy,django_refactor,add-log-parameter-get-resolver,failed,110.83,0,0,0,0,0,0,0,0,0,,3
126,lazy,django_refactor,add-log-parameter-resolve-error-handler,failed,101.06,0,0,0,0,0,0,0,0,0,1,2
127,lazy,django_refactor,add-none-handling-duration-string,failed,42.07,0,0,0,0,0,0,0,0,0,2,3
128,lazy,django_refactor,combine-utils-dates-dateformat,failed,117.51,0,0,0,0,0,0,0,0,0,1,4
129,lazy,django_refactor,combine-utils-hashable-itercompat,failed,74.44,0,0,0,0,0,0,0,0,0,,4
130,lazy,django_refactor,new-converter-to-python-class,failed,238.27,0,0,0,0,0,0,0,0,0,,3
131,lazy,django_refactor,new-path-traversal-exception,failed,183.53,0,0,0,0,0,0,0,0,0,5,9
132,lazy,django_refactor,new-reference-context-field-class,failed,182.41,0,0,0,0,0,0,0,0,0,2,4
133,lazy,django_refactor,new-reference-context-graph-class,failed,60.17,0,0,0,0,0,0,0,0,0,5,9
134,lazy,django_refactor,new-timezone-class,success,425.7,0,0,0,0,0,0,0,0,0,4,4
135,lazy,django_refactor,new-utils-adapt-method-mode,success,128.14,0,0,0,0,0,0,0,0,0,3,3
136,lazy,django_refactor,new-utils-check-response,success,70.25,0,0,0,0,0,0,0,0,0,2,2
137,lazy,django_refactor,new-utils-path-from-module,failed,92.64,0,0,0,0,0,0,0,0,0,,2
138,lazy,django_refactor,remove-core-cache-utils,failed,161.69,0,0,0,0,0,0,0,0,0,,5
139,lazy,django_refactor,remove-db-models-constants,success,200.3,0,0,0,0,0,0,0,0,0,19,19
140,lazy,django_refactor,rename-file-move-safe,success,128.95,0,0,0,0,0,0,0,0,0,6,6
141,lazy,django_refactor,split-parse-apps-and-model-labels,failed,79.13,0,0,0,0,0,0,0,0,0,1,5
142,lazy,fastapi_refactor,add-log-parameter-generate-option-id-for-path,timed_out,50.06,1,0,0,0,0,0,0,0,0,3,5
143,lazy,fastapi_refactor,exception-handlers-to-handlers,failed,186.24,0,0,0,0,0,0,0,0,0,11,12
144,lazy,fastapi_refactor,get-auth-scheme-param,timed_out,90.7,1,0,0,0,0,0,0,0,0,3,6
145,lazy,fastapi_refactor,openapi-get-utils,success,169.97,0,0,0,0,0,0,0,0,0,9,9
146,lazy,fastapi_refactor,params-to-param,failed,115.38,0,0,0,0,0,0,0,0,0,20,22
147,lazy,fastapi_refactor,value-is-a-sequence,success,54.44,0,0,0,0,0,0,0,0,0,5,5
148,lazy,flask_refactor,add-log-parameter-get-debug-flag,failed,222.52,0,0,0,0,0,0,0,0,0,3,7
149,lazy,flask_refactor,add-log-parameter-get-flashed-messages,failed,58.0,0,0,0,0,0,0,0,0,0,2,3
150,lazy,flask_refactor,debughelpers-to-helpers.py,timed_out,15.44,1,0,0,0,0,0,0,0,0,,5
151,lazy,flask_refactor,rename-send-from-directory,success,174.15,0,0,0,0,0,0,0,0,0,4,4
152,lazy,flask_refactor,render-template-str,timed_out,27.62,1,0,0,0,0,0,0,0,0,1,10
153,lazy,flask_refactor,stream-template-str,failed,50.13,0,0,0,0,0,0,0,0,0,1,4
154,lazy,requests_refactor,add-log-parameter-get-encoding-from-headers,failed,216.2,0,0,0,0,0,0,0,0,0,1,3
155,lazy,requests_refactor,add-log-parameter-resolve-proxies,success,69.79,0,0,0,0,0,0,0,0,0,2,2
156,lazy,requests_refactor,add-log-parameter-select-proxy,failed,80.44,0,0,0,0,0,0,0,0,0,1,2
157,lazy,requests_refactor,combine-from-key-to-key,failed,80.45,0,0,0,0,0,0,0,0,0,1,5
158,lazy,requests_refactor,combine-internal-utils-utils,failed,110.75,0,0,0,0,0,0,0,0,0,5,7
159,lazy,requests_refactor,move-hooks-sessions,timed_out,62.02,1,0,0,0,0,0,0,0,0,1,7
160,lazy,requests_refactor,new-cookie-utils-class,failed,250.85,0,0,0,0,0,0,0,0,0,,4
161,lazy,requests_refactor,rename-lookup-dict-dict-lookup,success,43.84,0,0,0,0,0,0,0,0,0,7,7
162,lazy,requests_refactor,rename-super-len-complex-len,success,88.45,0,0,0,0,0,0,0,0,0,3,3
163,lazy,requests_refactor,split-warnings-exceptions,failed,195.99,0,0,0,0,0,0,0,0,0,7,9
164,lazy,salt_refactor,add-log-parameter-delete-directory,failed,136.32,0,0,0,0,0,0,0,0,0,2,4
165,lazy,salt_refactor,add-log-parameter-get-capability-definitions,success,203.5,0,0,0,0,0,0,0,0,0,3,3
166,lazy,salt_refactor,add-log-parameter-recursive-diff,failed,362.72,0,0,0,0,0,0,0,0,0,3,6
167,lazy,salt_refactor,cant-create,success,48.55,0,0,0,0,0,0,0,0,0,8,8
168,lazy,salt_refactor,channel-to-transport,success,73.89,0,0,0,0,0,0,0,0,0,6,6
169,lazy,salt_refactor,ex-pillar-fail,success,60.01,0,0,0,0,0,0,0,0,0,5,5
170,lazy,salt_refactor,ex-state-fail,success,75.45,0,0,0,0,0,0,0,0,0,6,6
171,lazy,salt_refactor,exactly-n-boto-mod,timed_out,46.79,1,0,0,0,0,0,0,0,0,,4
172,lazy,salt_refactor,get-unavail,success,47.77,0,0,0,0,0,0,0,0,0,10,10
173,lazy,salt_refactor,iam-to-aws,success,107.95,0,0,0,0,0,0,0,0,0,5,5
174,lazy,salt_refactor,mksls-to-specific,failed,64.36,0,0,0,0,0,0,0,0,0,5,6
175,lazy,salt_refactor,namecheap-xmlutil,success,160.06,0,0,0,0,0,0,0,0,0,6,6
176,lazy,salt_refactor,paged-call-boto-mod,failed,75.13,0,0,0,0,0,0,0,0,0,1,4
177,lazy,salt_refactor,pem-fingerprint,success,119.49,0,0,0,0,0,0,0,0,0,10,10
178,lazy,salt_refactor,perm-denied,timed_out,159.56,1,0,0,0,0,0,0,0,0,1,5
179,lazy,scrapy_refactor,add-log-parameter-disconnect-all,failed,80.52,0,0,0,0,0,0,0,0,0,2,6
180,lazy,scrapy_refactor,add-log-parameter-job-dir,failed,56.24,0,0,0,0,0,0,0,0,0,1,5
181,lazy,scrapy_refactor,add-log-parameter-xmliter,failed,76.4,0,0,0,0,0,0,0,0,0,2,3
182,lazy,scrapy_refactor,genspider-functions-to-utils-url,failed,84.75,0,0,0,0,0,0,0,0,0,,4
183,lazy,scrapy_refactor,new-downloadermiddlewares-utils,failed,78.47,0,0,0,0,0,0,0,0,0,,5
184,lazy,scrapy_refactor,new-spider-utils-in-spiders,success,145.48,0,0,0,0,0,0,0,0,0,8,8
185,lazy,scrapy_refactor,new-verify-reactor-class,failed,179.94,0,0,0,0,0,0,0,0,0,8,11
186,lazy,scrapy_refactor,not-supported-exception-to-unsupported,failed,45.99,0,0,0,0,0,0,0,0,0,5,10
187,lazy,scrapy_refactor,parameterize-gunzip,failed,210.43,0,0,0,0,0,0,0,0,0,3,9
188,lazy,scrapy_refactor,rename-description-commands,failed,62.54,0,0,0,0,0,0,0,0,0,5,7
189,lazy,scrapy_refactor,rename-engine-status,failed,102.97,0,0,0,0,0,0,0,0,0,7,8
190,lazy,scrapy_refactor,rename-processtest-testproc,failed,72.55,0,0,0,0,0,0,0,0,0,,6
191,lazy,scrapy_refactor,sitemap-url-to-url,failed,68.39,0,0,0,0,0,0,0,0,0,2,3
192,lazy,tornado_refactor,global-objects,failed,107.02,0,0,0,0,0,0,0,0,0,,
193,lazy,tornado_refactor,log-utils,failed,190.26,0,0,0,0,0,0,0,0,0,,
194,lazy,tornado_refactor,option-parser-with-pretty-print,failed,164.09,0,0,0,0,0,0,0,0,0,,
195,lazy,tornado_refactor,options-utils,timed_out,200.74,1,0,0,0,0,0,0,0,0,,
196,lazy,tornado_refactor,remove-locale-data,failed,293.68,0,0,0,0,0,0,0,0,0,,
197,lazy,tornado_refactor,rename-http1connection,failed,86.69,0,0,0,0,0,0,0,0,0,,
198,lazy,tornado_refactor,rename-to-camel-case,failed,117.04,0,0,0,0,0,0,0,0,0,,
199,lazy,tornado_refactor,resolvers-as-separate,failed,153.46,0,0,0,0,0,0,0,0,0,,
200,lazy,tornado_refactor,tcpclient-connect-params,failed,76.5,0,0,0,0,0,0,0,0,0,,
201,descriptive,ansible_refactor,add-log-parameter-get-group-vars,success,80.92,0,0,0,0,0,0,0,0,0,5,5
202,descriptive,ansible_refactor,add-log-parameter-is-systemd-managed,success,77.21,0,0,0,0,0,0,0,0,0,5,5
203,descriptive,ansible_refactor,combine-namespace-compat,success,120.19,0,0,0,0,0,0,0,0,0,7,7
204,descriptive,ansible_refactor,data-to-inventory-data,success,56.91,0,0,0,0,0,0,0,0,0,5,5
205,descriptive,ansible_refactor,move-quoting-splitter,success,75.56,0,0,0,0,0,0,0,0,0,6,6
206,descriptive,ansible_refactor,new-inventory-patterns,success,215.43,0,0,0,0,0,0,0,0,0,9,9
207,descriptive,ansible_refactor,new-utils-class-connection,failed,114.12,0,0,0,0,0,0,0,0,0,6,7
208,descriptive,ansible_refactor,new-utils-from-basic,failed,105.84,0,0,0,0,0,0,0,0,0,,12
209,descriptive,ansible_refactor,parse_key_value,success,113.83,0,0,0,0,0,0,0,0,0,21,21
210,descriptive,ansible_refactor,rename-lenient-lowercase,success,93.27,0,0,0,0,0,0,0,0,0,4,4
211,descriptive,ansible_refactor,sort-groups-to-group-sort,timed_out,52.7,1,0,0,0,0,0,0,0,0,,4
212,descriptive,celery_refactor,add-log-parameter-get-digest-algorithm,success,46.25,0,0,0,0,0,0,0,0,0,5,5
213,descriptive,celery_refactor,add-log-parameter-node-format,success,64.35,0,0,0,0,0,0,0,0,0,3,3
214,descriptive,celery_refactor,annotation-utils,failed,169.12,0,0,0,0,0,0,0,0,0,7,8
215,descriptive,celery_refactor,autoretry-to-retry,failed,84.64,0,0,0,0,0,0,0,0,0,6,7
216,descriptive,celery_refactor,combine-unpickle-task,failed,62.43,0,0,0,0,0,0,0,0,0,5,6
217,descriptive,celery_refactor,dump-message-to-serialization,success,71.65,0,0,0,0,0,0,0,0,0,3,3
218,descriptive,celery_refactor,ensure_serialize,success,75.4,0,0,0,0,0,0,0,0,0,9,9
219,descriptive,celery_refactor,evaluate-promises-to-serialization,success,95.73,0,0,0,0,0,0,0,0,0,4,4
220,descriptive,celery_refactor,expand-router-string-to-utils,failed,71.36,0,0,0,0,0,0,0,0,0,3,4
221,descriptive,celery_refactor,object-mro-lookup,success,42.15,0,0,0,0,0,0,0,0,0,3,3
222,descriptive,celery_refactor,rename-host-format,success,74.45,0,0,0,0,0,0,0,0,0,7,7
223,descriptive,celery_refactor,truncate-text,success,167.94,0,0,0,0,0,0,0,0,0,9,9
224,descriptive,django_refactor,add-log-parameter-constant-time-compare,success,129.28,0,0,0,0,0,0,0,0,0,3,3
225,descriptive,django_refactor,add-log-parameter-get-resolver,failed,131.17,0,0,0,0,0,0,0,0,0,1,3
226,descriptive,django_refactor,add-log-parameter-resolve-error-handler,failed,83.65,0,0,0,0,0,0,0,0,0,,2
227,descriptive,django_refactor,add-none-handling-duration-string,failed,79.47,0,0,0,0,0,0,0,0,0,2,3
228,descriptive,django_refactor,combine-utils-dates-dateformat,timed_out,58.31,1,0,0,0,0,0,0,0,0,,4
229,descriptive,django_refactor,combine-utils-hashable-itercompat,timed_out,39.65,1,0,0,0,0,0,0,0,0,,4
230,descriptive,django_refactor,new-converter-to-python-class,success,115.74,0,0,0,0,0,0,0,0,0,3,3
231,descriptive,django_refactor,new-path-traversal-exception,failed,87.61,0,0,0,0,0,0,0,0,0,7,9
232,descriptive,django_refactor,new-reference-context-field-class,failed,172.34,0,0,0,0,0,0,0,0,0,1,4
233,descriptive,django_refactor,new-reference-context-graph-class,failed,229.14,0,0,0,0,0,0,0,0,0,6,9
234,descriptive,django_refactor,new-timezone-class,success,106.71,0,0,0,0,0,0,0,0,0,4,4
235,descriptive,django_refactor,new-utils-adapt-method-mode,failed,122.19,0,0,0,0,0,0,0,0,0,2,3
236,descriptive,django_refactor,new-utils-check-response,success,80.96,0,0,0,0,0,0,0,0,0,2,2
237,descriptive,django_refactor,new-utils-path-from-module,failed,64.36,0,0,0,0,0,0,0,0,0,1,2
238,descriptive,django_refactor,remove-core-cache-utils,success,133.58,0,0,0,0,0,0,0,0,0,5,5
239,descriptive,django_refactor,remove-db-models-constants,failed,56.5,0,0,0,0,0,0,0,0,0,,19
240,descriptive,django_refactor,rename-file-move-safe,failed,123.32,0,0,0,0,0,0,0,0,0,5,6
241,descriptive,django_refactor,split-parse-apps-and-model-labels,success,62.08,0,0,0,0,0,0,0,0,0,5,5
242,descriptive,fastapi_refactor,add-log-parameter-generate-option-id-for-path,success,67.49,0,0,0,0,0,0,0,0,0,5,5
243,descriptive,fastapi_refactor,exception-handlers-to-handlers,success,74.71,0,0,0,0,0,0,0,0,0,12,12
244,descriptive,fastapi_refactor,get-auth-scheme-param,success,89.97,0,0,0,0,0,0,0,0,0,6,6
245,descriptive,fastapi_refactor,openapi-get-utils,failed,90.83,0,0,0,0,0,0,0,0,0,8,9
246,descriptive,fastapi_refactor,params-to-param,timed_out,97.17,1,0,0,0,0,0,0,0,0,10,22
247,descriptive,fastapi_refactor,value-is-a-sequence,success,65.58,0,0,0,0,0,0,0,0,0,5,5
248,descriptive,flask_refactor,add-log-parameter-get-debug-flag,success,55.99,0,0,0,0,0,0,0,0,0,7,7
249,descriptive,flask_refactor,add-log-parameter-get-flashed-messages,failed,47.94,0,0,0,0,0,0,0,0,0,2,3
250,descriptive,flask_refactor,debughelpers-to-helpers.py,timed_out,15.53,1,0,0,0,0,0,0,0,0,,5
251,descriptive,flask_refactor,rename-send-from-directory,success,122.18,0,0,0,0,0,0,0,0,0,4,4
252,descriptive,flask_refactor,render-template-str,success,95.32,0,0,0,0,0,0,0,0,0,10,10
253,descriptive,flask_refactor,stream-template-str,success,37.74,0,0,0,0,0,0,0,0,0,4,4
254,descriptive,requests_refactor,add-log-parameter-get-encoding-from-headers,success,51.88,0,0,0,0,0,0,0,0,0,3,3
255,descriptive,requests_refactor,add-log-parameter-resolve-proxies,success,60.01,0,0,0,0,0,0,0,0,0,2,2
256,descriptive,requests_refactor,add-log-parameter-select-proxy,success,41.85,0,0,0,0,0,0,0,0,0,2,2
257,descriptive,requests_refactor,combine-from-key-to-key,success,129.61,0,0,0,0,0,0,0,0,0,5,5
258,descriptive,requests_refactor,combine-internal-utils-utils,success,100.63,0,0,0,0,0,0,0,0,0,7,7
259,descriptive,requests_refactor,move-hooks-sessions,failed,102.56,0,0,0,0,0,0,0,0,0,3,7
260,descriptive,requests_refactor,new-cookie-utils-class,success,101.06,0,0,0,0,0,0,0,0,0,4,4
261,descriptive,requests_refactor,rename-lookup-dict-dict-lookup,success,39.68,0,0,0,0,0,0,0,0,0,7,7
262,descriptive,requests_refactor,rename-super-len-complex-len,success,89.09,0,0,0,0,0,0,0,0,0,3,3
263,descriptive,requests_refactor,split-warnings-exceptions,success,95.34,0,0,0,0,0,0,0,0,0,9,9
264,descriptive,salt_refactor,add-log-parameter-delete-directory,success,118.05,0,0,0,0,0,0,0,0,0,4,4
265,descriptive,salt_refactor,add-log-parameter-get-capability-definitions,success,50.71,0,0,0,0,0,0,0,0,0,3,3
266,descriptive,salt_refactor,add-log-parameter-recursive-diff,success,219.2,0,0,0,0,0,0,0,0,0,6,6
267,descriptive,salt_refactor,cant-create,success,57.0,0,0,0,0,0,0,0,0,0,8,8
268,descriptive,salt_refactor,channel-to-transport,failed,80.9,0,0,0,0,0,0,0,0,0,5,6
269,descriptive,salt_refactor,ex-pillar-fail,failed,61.2,0,0,0,0,0,0,0,0,0,4,5
270,descriptive,salt_refactor,ex-state-fail,success,58.57,0,0,0,0,0,0,0,0,0,6,6
271,descriptive,salt_refactor,exactly-n-boto-mod,failed,78.86,0,0,0,0,0,0,0,0,0,,4
272,descriptive,salt_refactor,get-unavail,success,74.25,0,0,0,0,0,0,0,0,0,10,10
273,descriptive,salt_refactor,iam-to-aws,success,90.09,0,0,0,0,0,0,0,0,0,5,5
274,descriptive,salt_refactor,mksls-to-specific,success,52.48,0,0,0,0,0,0,0,0,0,6,6
275,descriptive,salt_refactor,namecheap-xmlutil,success,156.69,0,0,0,0,0,0,0,0,0,6,6
276,descriptive,salt_refactor,paged-call-boto-mod,failed,56.66,0,0,0,0,0,0,0,0,0,2,4
277,descriptive,salt_refactor,pem-fingerprint,failed,64.69,0,0,0,0,0,0,0,0,0,8,10
278,descriptive,salt_refactor,perm-denied,failed,48.32,0,0,0,0,0,0,0,0,0,4,5
279,descriptive,scrapy_refactor,add-log-parameter-disconnect-all,success,50.25,0,0,0,0,0,0,0,0,0,6,6
280,descriptive,scrapy_refactor,add-log-parameter-job-dir,success,73.51,0,0,0,0,0,0,0,0,0,5,5
281,descriptive,scrapy_refactor,add-log-parameter-xmliter,success,94.95,0,0,0,0,0,0,0,0,0,3,3
282,descriptive,scrapy_refactor,genspider-functions-to-utils-url,success,177.97,0,0,0,0,0,0,0,0,0,4,4
283,descriptive,scrapy_refactor,new-downloadermiddlewares-utils,success,66.32,0,0,0,0,0,0,0,0,0,5,5
284,descriptive,scrapy_refactor,new-spider-utils-in-spiders,success,160.22,0,0,0,0,0,0,0,0,0,8,8
285,descriptive,scrapy_refactor,new-verify-reactor-class,failed,119.27,0,0,0,0,0,0,0,0,0,8,11
286,descriptive,scrapy_refactor,not-supported-exception-to-unsupported,success,68.48,0,0,0,0,0,0,0,0,0,10,10
287,descriptive,scrapy_refactor,parameterize-gunzip,failed,111.06,0,0,0,0,0,0,0,0,0,5,9
288,descriptive,scrapy_refactor,rename-description-commands,failed,113.01,0,0,0,0,0,0,0,0,0,6,7
289,descriptive,scrapy_refactor,rename-engine-status,success,56.23,0,0,0,0,0,0,0,0,0,8,8
290,descriptive,scrapy_refactor,rename-processtest-testproc,failed,50.0,0,0,0,0,0,0,0,0,0,4,6
291,descriptive,scrapy_refactor,sitemap-url-to-url,success,93.14,0,0,0,0,0,0,0,0,0,3,3
292,descriptive,tornado_refactor,global-objects,failed,176.38,0,0,0,0,0,0,0,0,0,,
293,descriptive,tornado_refactor,log-utils,failed,196.75,0,0,0,0,0,0,0,0,0,,
294,descriptive,tornado_refactor,option-parser-with-pretty-print,failed,345.32,0,0,0,0,0,0,0,0,0,,
295,descriptive,tornado_refactor,options-utils,timed_out,1307.6,1,0,0,0,0,0,0,0,0,,
296,descriptive,tornado_refactor,remove-locale-data,failed,67.24,0,0,0,0,0,0,0,0,0,,
297,descriptive,tornado_refactor,rename-http1connection,failed,104.95,0,0,0,0,0,0,0,0,0,,
298,descriptive,tornado_refactor,rename-to-camel-case,failed,105.0,0,0,0,0,0,0,0,0,0,,
299,descriptive,tornado_refactor,resolvers-as-separate,failed,182.07,0,0,0,0,0,0,0,0,0,,
300,descriptive,tornado_refactor,tcpclient-connect-params,failed,92.61,0,0,0,0,0,0,0,0,0,,
