task_id,passed,duration_seconds
add-log-parameter-get-group-vars,True,62
add-log-parameter-is-systemd-managed,True,98
combine-namespace-compat,False,8
data-to-inventory-data,True,65
move-quoting-splitter,True,128
new-inventory-patterns,True,194
new-utils-class-connection,True,168
new-utils-from-basic,False,234
parse_key_value,True,228
rename-lenient-lowercase,True,84
sort-groups-to-group-sort,True,67
add-log-parameter-get-digest-algorithm,True,65
add-log-parameter-node-format,False,57
annotation-utils,False,8
autoretry-to-retry,True,145
combine-unpickle-task,False,127
dump-message-to-serialization,False,22
ensure_serialize,True,99
evaluate-promises-to-serialization,True,107
expand-router-string-to-utils,False,114
object-mro-lookup,True,95
rename-host-format,True,108
truncate-text,True,108
add-log-parameter-constant-time-compare,False,226
add-log-parameter-get-resolver,False,94
add-log-parameter-resolve-error-handler,False,51
add-none-handling-duration-string,True,135
combine-utils-dates-dateformat,True,273
combine-utils-hashable-itercompat,True,132
new-converter-to-python-class,False,97
new-path-traversal-exception,False,152
new-reference-context-field-class,False,89
new-reference-context-graph-class,False,57
new-timezone-class,False,205
new-utils-adapt-method-mode,False,76
new-utils-check-response,False,7
new-utils-path-from-module,False,74
remove-core-cache-utils,True,95
remove-db-models-constants,True,167
rename-file-move-safe,True,106
split-parse-apps-and-model-labels,False,74
add-log-parameter-generate-option-id-for-path,True,141
exception-handlers-to-handlers,False,19
get-auth-scheme-param,True,70
openapi-get-utils,False,45
params-to-param,True,170
value-is-a-sequence,False,21
add-log-parameter-get-debug-flag,True,118
add-log-parameter-get-flashed-messages,True,72
debughelpers-to-helpers.py,False,2
rename-send-from-directory,True,127
render-template-str,False,114
stream-template-str,False,61
add-log-parameter-get-encoding-from-headers,False,226
add-log-parameter-resolve-proxies,False,6
add-log-parameter-select-proxy,True,124
combine-from-key-to-key,True,91
combine-internal-utils-utils,True,219
move-hooks-sessions,False,42
new-cookie-utils-class,False,541
rename-lookup-dict-dict-lookup,True,74
rename-super-len-complex-len,True,120
split-warnings-exceptions,False,11
add-log-parameter-delete-directory,True,104
add-log-parameter-get-capability-definitions,True,91
add-log-parameter-recursive-diff,False,92
cant-create,True,129
channel-to-transport,True,106
ex-pillar-fail,True,65
ex-state-fail,True,68
exactly-n-boto-mod,False,102
get-unavail,True,65
iam-to-aws,False,15
mksls-to-specific,False,6
namecheap-xmlutil,False,20
paged-call-boto-mod,False,305
pem-fingerprint,False,15
perm-denied,True,157
add-log-parameter-disconnect-all,False,19
add-log-parameter-job-dir,False,50
add-log-parameter-xmliter,False,7
genspider-functions-to-utils-url,False,10
new-downloadermiddlewares-utils,False,42
new-spider-utils-in-spiders,False,257
new-verify-reactor-class,False,40
not-supported-exception-to-unsupported,True,101
parameterize-gunzip,False,50
rename-description-commands,False,31
rename-engine-status,False,9
rename-processtest-testproc,False,52
sitemap-url-to-url,False,54
global-objects,False,6
log-utils,False,155
option-parser-with-pretty-print,False,178
options-utils,True,125
remove-locale-data,False,11
rename-http1connection,True,80
rename-to-camel-case,True,42
resolvers-as-separate,True,404
tcpclient-connect-params,False,141

Summary,
Total tasks,100
Passed,46
Failed,54
Success rate,46%
